0,0,0,0,0,0,0,0,0,0,0,0,0,0,0,0,0,0,0,0,0,0,0,0,0,0,0,0,0,0,0,0,0,0,0,0,0,0,0,0,0,0,0,0,0,0,0,0,0,0,0,0,0,0,0,0,0,0,0,0,0,0,0,0,0,0,0,0,0,0,0,0,0,0,0,0,0,0,0,0,0,0,0,0,0,0,0,0,0,0,0,0,0,0,0,0,0,0,0,0,0,0,0,0,0,0,0,0,0,0,0,0,0,0,0,0,0,0,0,0,0,0,0,0,0,0,0,0,0,0,0,0,0,0,0,0,0,0,0,0,0,0,0,0,0,0,0,0,0,0,0,0,0,0,0,0,0,0,0,0,0,0,0,0,0,0,0,0,0,0,0,0,0,0,0,0,0,0,0,0,0,0,0,0,0,0,0,0,0,0,0,0,0,0,0,0,0,0,0,0,0,0,0,0,0,0,0,0,0,0,0,0,0,0,0,0,0,0,0,0,0,0,0,0,0,0,0,0,0,0,0,0,0,0,0,0,0,0,0,0,0,0,0,0,0,0,0,0
29,0,0,0,0,47,0,21,0,0,0,48,85,0,0,37,0,92,76,0,87,31,0,0,0,0,0,0,70,0,83,82,0,35,7,74,2,0,0,78,50,4,106,10,9,89,0,0,7,0,0,47,0,49,0,0,0,0,0,0,58,0,9,0,0,0,0,0,0,70,0,40,0,79,0,0,0,70,77,29,0,0,55,68,0,0,0,0,0,0,0,0,7,29,53,0,7,66,0,0,4,0,0,38,0,41,11,0,40,0,0,43,0,83,0,0,46,0,0,0,0,66,0,85,92,0,38,23,0,0,0,0,0,0,0,0,0,0,0,0,0,0,0,0,0,0,0,0,0,0,0,0,0,0,0,0,0,0,0,0,0,0,0,0,0,0,0,0,0,0,0,0,0,0,0,0,0,0,0,0,0,0,0,0,0,0,0,0,0,0,0,0,0,0,0,0,0,0,0,0,0,0,0,0,0,0,0,0,0,0,0,0,0,0,0,0,0,0,0,0,0,0,0,0,0,0,0,0,0,0,0,0,0,0,0,0,0,0,0,0,0,0,0,0,0,0,0,0
51,0,0,0,0,0,0,21,0,0,24,0,0,0,0,0,0,0,0,24,0,0,0,0,0,27,0,25,0,0,0,0,0,0,63,0,2,0,0,0,88,4,0,48,9,0,43,0,34,0,0,0,0,105,0,0,0,65,0,0,58,0,74,0,0,0,0,0,0,81,0,82,0,0,0,0,79,0,0,29,0,2,0,0,0,0,0,0,0,53,0,0,23,61,102,0,7,0,11,0,4,0,0,89,0,41,11,0,83,0,0,44,0,0,0,0,126,0,0,0,0,0,0,0,0,0,115,40,0,0,0,0,0,0,0,0,0,0,0,0,0,0,15,0,0,0,0,0,0,0,0,0,48,0,0,0,0,0,0,0,0,0,0,8,0,0,0,0,0,0,0,0,0,0,0,0,0,0,0,0,0,0,0,0,0,0,116,0,0,0,0,0,0,0,22,9,0,4,19,0,0,0,0,0,0,10,0,0,4,30,0,0,0,0,0,0,0,0,0,0,0,13,75,0,0,0,0,90,0,0,0,111,0,0,0,55,0,0,0,88,0,0,0,0,1,1,1,0
67,0,0,0,0,0,0,21,0,0,42,115,126,0,0,109,0,0,0,42,0,108,0,0,0,46,0,43,121,0,0,0,0,108,105,0,2,0,0,0,117,4,0,77,9,0,74,0,55,0,0,110,0,0,0,0,0,113,0,0,58,0,123,0,0,0,0,0,0,89,0,113,0,114,0,0,0,123,96,29,0,3,92,92,0,0,0,0,0,92,0,0,35,85,0,0,7,79,18,0,4,0,0,127,0,41,11,0,114,0,0,46,0,83,0,0,0,0,0,0,0,0,0,92,0,0,0,54,14,0,16,0,9,0,0,0,0,0,0,0,2,0,39,0,0,0,0,17,0,0,0,0,60,21,35,0,7,0,13,0,0,3,0,0,7,3,16,0,0,0,0,0,0,0,14,0,0,0,0,0,0,0,0,7,0,0,95,28,43,0,0,9,0,0,22,9,0,4,19,0,0,0,0,0,0,10,0,0,4,30,0,0,0,0,0,0,0,0,0,0,0,13,75,0,0,0,0,0,0,0,0,0,0,0,0,95,0,0,0,0,0,0,0,0,1,0,1,1
78,0,0,0,0,47,0,36,0,0,24,0,0,0,0,118,0,92,76,30,87,112,0,0,0,34,0,0,0,0,83,82,0,116,85,74,3,0,0,78,0,7,106,67,15,89,50,0,47,0,0,0,0,49,0,0,0,61,0,0,101,0,100,0,0,0,0,0,0,0,0,124,0,0,0,0,0,0,0,50,0,0,124,0,0,0,0,0,0,58,0,0,32,92,53,0,11,124,2,0,7,0,0,0,0,71,18,0,125,0,0,77,0,0,0,0,46,0,0,0,0,66,0,0,92,0,38,63,0,0,0,0,0,0,0,0,0,0,0,0,0,0,61,0,0,0,0,0,0,0,0,0,33,0,16,0,0,0,0,0,0,0,0,0,0,4,0,0,0,0,0,0,0,0,0,0,0,0,0,0,0,0,0,0,0,0,74,11,17,0,0,0,0,0,22,9,0,4,19,0,0,0,0,0,0,10,0,0,4,30,0,0,0,0,0,0,0,0,0,0,0,13,75,0,0,0,0,90,0,0,0,111,0,0,0,125,0,0,0,88,0,0,0,0,1,1,1,0
58,0,0,0,0,34,0,27,0,0,18,0,0,0,0,88,0,69,57,22,64,84,0,0,0,25,0,0,0,0,61,61,0,87,63,55,1,0,0,58,0,4,79,49,10,66,37,0,34,0,0,0,0,36,0,0,0,45,0,0,75,0,75,0,0,0,0,0,0,0,0,93,0,0,0,0,0,0,0,37,0,0,93,0,0,0,0,0,0,43,0,0,24,69,39,0,7,93,1,0,4,0,0,0,0,52,13,0,93,0,0,57,0,0,0,0,34,0,0,0,0,49,0,0,69,0,28,46,0,0,0,0,0,0,0,0,0,0,0,0,0,0,45,0,0,0,0,0,0,0,0,0,24,0,12,0,0,0,0,0,0,0,0,0,0,3,0,0,0,0,0,0,0,0,0,0,0,0,0,0,0,0,0,0,0,0,55,7,12,0,0,0,0,0,16,6,0,3,13,0,0,0,0,0,0,7,0,0,3,22,0,0,0,0,0,0,0,0,0,0,0,9,55,0,0,0,0,67,0,0,0,82,0,0,0,93,0,0,0,66,0,0,0,0,0,0,0,0
73,0,0,0,0,0,0,21,0,0,37,115,126,0,0,0,0,0,0,40,0,0,0,0,0,45,0,25,121,0,0,0,0,0,105,0,2,0,0,0,51,4,0,77,9,0,70,0,55,0,0,110,0,96,0,0,0,98,0,0,58,0,123,0,0,0,0,0,0,70,0,121,0,114,0,0,79,123,96,29,0,2,0,92,0,0,0,0,0,84,0,0,37,91,91,0,7,0,11,0,4,0,0,61,0,50,11,0,122,0,0,55,0,83,0,0,117,0,0,0,0,0,0,92,0,0,108,58,0,0,0,0,0,0,0,0,0,0,0,0,0,0,0,0,0,0,0,0,0,0,0,0,0,0,0,0,0,0,0,0,0,0,0,8,0,0,0,0,0,0,0,0,0,0,0,0,0,0,0,0,0,0,0,0,0,0,0,0,0,0,0,0,0,0,22,9,0,4,19,0,0,0,0,0,0,10,0,0,4,30,0,0,0,0,0,0,0,0,0,0,0,13,75,0,0,0,0,122,0,0,0,0,0,0,0,124,0,0,0,127,0,0,0,0,1,1,1,0
84,0,0,0,0,0,0,21,0,0,51,0,0,0,0,109,0,0,0,54,0,108,0,0,0,60,0,43,0,0,0,0,0,108,0,0,2,0,0,0,88,4,0,98,9,0,95,0,70,0,0,0,0,0,0,0,0,0,0,0,58,0,0,0,0,0,0,0,0,81,0,0,0,0,0,0,0,0,0,29,0,3,92,0,0,0,0,0,0,116,0,0,46,107,0,0,7,79,18,0,4,0,0,106,0,48,11,0,0,0,0,53,0,0,0,0,0,0,0,0,0,0,0,0,0,0,0,67,14,0,16,0,9,0,0,0,0,0,0,0,2,0,66,0,0,0,0,17,0,0,0,0,0,21,35,0,7,0,13,0,0,3,0,0,7,3,16,0,0,0,0,0,0,0,14,0,0,0,0,0,0,0,0,7,0,0,0,28,43,0,0,9,0,18,48,0,0,46,55,0,0,0,28,0,0,52,23,0,44,64,0,0,0,0,19,0,0,0,0,0,0,42,103,0,0,0,0,0,0,0,0,111,0,0,0,0,0,0,0,0,0,0,0,0,1,0,1,1
93,0,0,0,0,0,0,21,0,0,61,115,126,0,0,0,0,0,0,64,0,0,0,0,0,72,0,56,121,0,0,0,0,0,59,0,2,0,0,0,117,4,0,114,9,0,113,0,82,0,0,110,0,69,0,0,0,65,0,0,58,0,68,0,0,0,0,0,0,89,0,52,0,114,0,0,79,123,96,29,0,3,0,92,0,0,0,0,0,0,0,0,53,119,63,0,7,0,24,0,4,0,0,0,0,47,11,0,53,0,0,52,0,83,0,0,92,0,0,0,0,0,0,92,0,0,87,73,0,0,0,0,0,0,0,0,0,0,0,0,0,0,0,0,0,0,0,0,0,0,0,0,0,0,0,0,0,0,0,0,0,0,0,8,0,0,0,0,0,0,0,0,0,0,0,0,0,0,0,0,0,0,0,0,0,0,0,0,0,0,0,0,0,0,22,9,0,4,19,0,0,0,0,0,0,10,0,0,4,30,0,0,0,0,0,0,0,0,0,0,0,13,75,0,0,0,0,90,0,0,0,0,0,0,0,55,0,0,0,88,0,0,0,0,1,1,1,0
69,0,0,0,0,0,0,15,0,0,45,85,94,0,0,0,0,0,0,48,0,0,0,0,0,54,0,42,90,0,0,0,0,0,43,0,1,0,0,0,87,3,0,85,6,0,84,0,61,0,0,82,0,51,0,0,0,48,0,0,43,0,51,0,0,0,0,0,0,66,0,39,0,85,0,0,58,91,72,21,0,1,0,69,0,0,0,0,0,0,0,0,39,88,46,0,4,0,18,0,3,0,0,0,0,34,7,0,39,0,0,39,0,61,0,0,69,0,0,0,0,0,0,69,0,0,64,54,0,0,0,0,0,0,0,0,0,0,0,0,0,0,0,0,0,0,0,0,0,0,0,0,0,0,0,0,0,0,0,0,0,0,0,6,0,0,0,0,0,0,0,0,0,0,0,0,0,0,0,0,0,0,0,0,0,0,0,0,0,0,0,0,0,0,16,6,0,3,13,0,0,0,0,0,0,7,0,0,3,22,0,0,0,0,0,0,0,0,0,0,0,9,55,0,0,0,0,67,0,0,0,0,0,0,0,40,0,0,0,66,0,0,0,0,0,0,0,0
51,0,0,0,0,0,0,10,0,0,33,63,70,0,0,0,0,0,0,36,0,0,0,0,0,40,0,31,67,0,0,0,0,0,31,0,0,0,0,0,64,1,0,63,4,0,63,0,45,0,0,61,0,37,0,0,0,36,0,0,31,0,37,0,0,0,0,0,0,49,0,28,0,63,0,0,43,67,54,15,0,0,0,51,0,0,0,0,0,0,0,0,28,66,34,0,3,0,13,0,1,0,0,0,0,25,4,0,28,0,0,28,0,45,0,0,51,0,0,0,0,0,0,51,0,0,48,40,0,0,0,0,0,0,0,0,0,0,0,0,0,0,0,0,0,0,0,0,0,0,0,0,0,0,0,0,0,0,0,0,0,0,0,4,0,0,0,0,0,0,0,0,0,0,0,0,0,0,0,0,0,0,0,0,0,0,0,0,0,0,0,0,0,0,12,4,0,1,9,0,0,0,0,0,0,4,0,0,1,16,0,0,0,0,0,0,0,0,0,0,0,6,40,0,0,0,0,49,0,0,0,0,0,0,0,30,0,0,0,49,0,0,0,0,0,0,0,0
67,0,0,0,0,0,0,21,0,0,48,0,0,0,0,109,0,0,0,51,0,108,0,0,0,57,0,47,0,0,0,0,0,108,81,0,2,0,0,0,99,4,0,87,9,0,89,0,63,0,0,0,0,96,0,0,0,92,0,0,58,0,95,0,0,0,0,0,0,70,0,73,0,0,0,0,110,0,0,29,0,2,92,0,0,0,0,0,0,53,0,0,40,89,88,0,7,79,20,0,4,0,0,61,0,41,11,0,74,0,0,43,0,104,0,0,0,0,0,0,0,0,0,0,0,0,123,54,0,0,0,0,0,0,0,0,0,0,0,0,0,0,19,0,0,0,0,0,0,0,0,0,53,0,0,0,0,0,0,0,0,0,0,8,0,0,0,0,0,0,0,0,0,0,0,0,0,0,0,0,0,0,0,0,0,0,106,0,0,0,0,0,0,0,22,9,0,4,19,0,0,0,0,0,0,10,0,0,4,30,0,0,0,0,0,0,0,0,0,0,0,13,75,0,0,0,0,109,0,0,0,111,0,0,0,77,0,0,0,114,0,0,0,0,1,1,1,0
79,0,0,0,0,0,0,21,0,0,60,115,126,0,0,0,0,0,0,61,0,0,0,0,0,69,0,59,121,0,0,0,0,0,119,0,2,0,0,0,124,4,0,105,9,0,109,0,76,0,0,110,0,0,0,0,0,0,0,0,58,0,0,0,0,0,0,0,0,81,0,106,0,114,0,0,0,123,96,29,0,3,0,92,0,0,0,0,0,92,0,0,49,106,0,0,7,0,26,0,4,0,0,106,0,41,11,0,108,0,0,44,0,0,0,0,92,0,0,0,0,0,0,92,0,0,0,64,14,0,16,0,9,0,0,0,0,0,0,0,2,0,39,0,0,0,0,17,0,0,0,0,90,21,35,0,7,0,13,0,0,3,0,0,7,3,16,0,0,0,0,0,0,0,14,0,0,0,0,0,0,0,0,7,0,0,0,28,43,0,0,9,0,18,48,0,0,46,55,0,0,0,28,0,0,52,23,0,44,64,0,0,0,0,19,0,0,0,0,0,0,42,103,0,0,0,0,0,0,0,0,0,0,0,0,112,0,0,0,0,0,0,0,0,1,0,1,1
88,0,0,0,0,0,0,21,0,0,69,0,0,0,0,109,0,0,0,69,0,108,0,0,0,78,0,68,0,0,0,0,0,108,0,0,2,0,0,0,0,4,0,119,9,0,124,0,87,0,0,0,0,69,0,0,0,65,0,0,58,0,68,0,0,0,0,0,0,89,0,0,0,0,0,0,79,0,0,29,0,3,92,0,0,0,0,0,0,122,0,0,55,119,63,0,7,79,30,0,4,0,0,0,0,41,11,0,0,0,0,46,0,83,0,0,0,0,0,0,0,0,0,0,0,0,87,72,0,0,0,0,0,0,0,0,0,0,0,0,0,0,27,0,0,0,0,0,0,0,0,0,39,0,0,0,0,0,0,0,0,0,0,8,0,0,0,0,0,0,0,0,0,0,0,0,0,0,0,0,0,0,0,0,0,0,93,0,0,0,0,0,0,0,22,9,0,4,19,0,0,0,0,0,0,10,0,0,4,30,0,0,0,0,0,0,0,0,0,0,0,13,75,0,0,0,0,90,0,0,0,111,0,0,0,0,0,0,0,88,0,0,0,0,1,1,1,0
66,0,0,0,0,0,0,15,0,0,51,0,0,0,0,81,0,0,0,51,0,81,0,0,0,58,0,51,0,0,0,0,0,81,0,0,1,0,0,0,0,3,0,88,6,0,93,0,64,0,0,0,0,51,0,0,0,48,0,0,43,0,51,0,0,0,0,0,0,66,0,0,0,0,0,0,58,0,0,21,0,1,69,0,0,0,0,0,0,91,0,0,40,88,46,0,4,58,22,0,3,0,0,0,0,30,7,0,0,0,0,34,0,61,0,0,0,0,0,0,0,0,0,0,0,0,64,54,0,0,0,0,0,0,0,0,0,0,0,0,0,0,19,0,0,0,0,0,0,0,0,0,28,0,0,0,0,0,0,0,0,0,0,6,0,0,0,0,0,0,0,0,0,0,0,0,0,0,0,0,0,0,0,0,0,0,69,0,0,0,0,0,0,0,16,6,0,3,13,0,0,0,0,0,0,7,0,0,3,22,0,0,0,0,0,0,0,0,0,0,0,9,55,0,0,0,0,67,0,0,0,82,0,0,0,0,0,0,0,66,0,0,0,0,0,0,0,0
79,0,0,0,0,0,0,21,0,0,61,115,126,0,0,0,0,0,0,61,0,0,0,0,0,70,0,62,121,0,0,0,0,0,59,0,2,0,0,0,51,4,0,107,9,0,112,0,78,0,0,110,0,106,0,0,0,101,0,0,58,0,105,0,0,0,0,0,0,78,0,52,0,114,0,0,122,123,96,29,0,2,0,92,0,0,0,0,0,120,0,0,49,106,97,0,7,122,27,0,4,0,0,61,0,41,11,0,53,0,0,43,0,116,0,0,92,0,0,0,0,0,0,92,0,0,0,64,14,0,16,0,9,0,0,0,0,0,0,0,2,0,39,0,0,0,0,17,0,0,0,0,41,21,35,0,7,0,13,0,0,3,0,0,7,3,16,0,0,0,0,0,0,0,14,0,0,0,0,0,0,0,0,7,0,0,41,28,43,0,0,9,0,0,22,9,0,4,19,0,0,0,0,0,0,10,0,0,4,30,0,0,0,0,0,0,0,0,0,0,0,13,75,0,0,0,0,122,0,0,0,0,0,0,0,55,0,0,0,127,0,0,0,0,1,1,1,0
88,0,0,0,0,0,0,21,0,0,69,0,0,0,0,109,0,0,0,69,0,108,0,0,0,79,0,71,0,0,0,0,0,108,102,0,2,0,0,0,88,4,0,120,9,0,127,0,88,0,0,0,0,0,0,0,0,0,0,0,58,0,0,0,0,0,0,0,0,87,0,91,0,0,0,0,0,0,0,29,0,3,92,0,0,0,0,0,0,0,0,0,55,119,0,0,7,0,30,0,4,0,0,106,0,41,11,0,92,0,0,44,0,0,0,0,0,0,0,0,0,0,0,0,0,0,87,72,0,0,0,0,0,0,0,0,0,0,0,0,0,0,19,0,0,0,0,0,0,0,0,0,116,0,0,0,0,0,0,0,0,0,0,8,0,0,0,0,0,0,0,0,0,0,0,0,0,0,0,0,0,0,0,0,0,0,0,0,0,0,0,0,0,18,48,0,0,46,55,0,0,0,28,0,0,52,23,0,44,64,0,0,0,0,19,0,0,0,0,0,0,42,103,0,0,0,0,0,0,0,0,111,0,0,0,95,0,0,0,0,0,0,0,0,1,0,1,1
96,0,0,0,0,0,0,21,0,0,75,115,126,0,0,0,0,0,0,75,0,0,0,0,0,85,0,77,121,0,0,0,0,0,0,0,2,0,0,0,117,4,0,0,9,0,0,0,96,0,0,110,0,69,0,0,0,65,0,0,58,0,68,0,0,0,0,0,0,93,0,119,0,114,0,0,79,123,96,29,0,3,0,92,0,0,0,0,0,53,0,0,59,0,63,0,7,79,33,0,4,0,0,0,0,41,11,0,122,0,0,46,0,83,0,0,92,0,0,0,0,0,0,92,0,0,0,78,14,0,16,0,9,0,0,0,0,0,0,0,2,0,39,0,0,0,0,17,0,0,0,0,41,21,35,0,7,0,13,0,0,3,0,0,7,3,16,0,0,0,0,0,0,0,14,0,0,0,0,0,0,0,0,7,0,0,41,28,43,0,0,9,0,0,22,9,0,4,19,0,0,0,0,0,0,10,0,0,4,30,0,0,0,0,0,0,0,0,0,0,0,13,75,0,0,0,0,90,0,0,0,0,0,0,0,125,0,0,0,88,0,0,0,0,1,1,1,0
72,0,0,0,0,0,0,15,0,0,55,85,94,0,0,0,0,0,0,55,0,0,0,0,0,63,0,57,90,0,0,0,0,0,0,0,1,0,0,0,87,3,0,0,6,0,0,0,72,0,0,82,0,51,0,0,0,48,0,0,43,0,51,0,0,0,0,0,0,69,0,88,0,85,0,0,58,91,72,21,0,1,0,69,0,0,0,0,0,39,0,0,43,0,46,0,4,58,24,0,3,0,0,0,0,30,7,0,91,0,0,34,0,61,0,0,69,0,0,0,0,0,0,69,0,0,0,58,10,0,12,0,6,0,0,0,0,0,0,0,1,0,28,0,0,0,0,12,0,0,0,0,30,15,25,0,4,0,9,0,0,1,0,0,4,1,12,0,0,0,0,0,0,0,10,0,0,0,0,0,0,0,0,4,0,0,30,21,31,0,0,6,0,0,16,6,0,3,13,0,0,0,0,0,0,7,0,0,3,22,0,0,0,0,0,0,0,0,0,0,0,9,55,0,0,0,0,67,0,0,0,0,0,0,0,93,0,0,0,66,0,0,0,0,0,0,0,0
54,0,0,0,0,0,0,10,0,0,40,63,70,0,0,0,0,0,0,40,0,0,0,0,0,46,0,42,67,0,0,0,0,0,0,0,0,0,0,0,64,1,0,0,4,0,0,0,54,0,0,61,0,37,0,0,0,36,0,0,31,0,37,0,0,0,0,0,0,51,0,66,0,63,0,0,43,67,54,15,0,0,0,51,0,0,0,0,0,28,0,0,31,0,34,0,3,43,18,0,1,0,0,0,0,22,4,0,67,0,0,25,0,45,0,0,51,0,0,0,0,0,0,51,0,0,0,43,7,0,9,0,4,0,0,0,0,0,0,0,0,0,21,0,0,0,0,9,0,0,0,0,22,10,18,0,3,0,6,0,0,0,0,0,3,0,9,0,0,0,0,0,0,0,7,0,0,0,0,0,0,0,0,3,0,0,22,15,22,0,0,4,0,0,12,4,0,1,9,0,0,0,0,0,0,4,0,0,1,16,0,0,0,0,0,0,0,0,0,0,0,6,40,0,0,0,0,49,0,0,0,0,0,0,0,69,0,0,0,49,0,0,0,0,0,0,0,0
70,0,0,0,0,0,0,21,0,0,54,0,0,0,0,109,0,0,0,54,0,108,0,0,0,61,0,56,0,0,0,0,0,108,59,0,2,0,0,0,99,4,0,41,9,0,43,0,70,0,0,0,0,96,0,0,0,92,0,0,58,0,95,0,0,0,0,0,0,70,0,101,0,0,0,0,110,0,0,29,0,2,92,0,0,0,0,0,0,74,0,0,41,40,88,0,7,110,24,0,4,0,0,61,0,41,11,0,102,0,0,43,0,104,0,0,0,0,0,0,0,0,0,0,0,0,87,55,0,0,0,0,0,0,0,0,0,0,0,0,0,0,19,0,0,0,0,0,0,0,0,0,53,0,0,0,0,0,0,0,0,0,0,8,0,0,0,0,0,0,0,0,0,0,0,0,0,0,0,0,0,0,0,0,0,0,106,0,0,0,0,0,0,0,22,9,0,4,19,0,0,0,0,0,0,10,0,0,4,30,0,0,0,0,0,0,0,0,0,0,0,13,75,0,0,0,0,109,0,0,0,111,0,0,0,106,0,0,0,114,0,0,0,0,1,1,1,0
82,0,0,0,0,0,0,21,0,0,64,115,126,0,0,0,0,0,0,64,0,0,0,0,0,72,0,67,121,0,0,0,0,0,102,0,2,0,0,0,124,4,0,71,9,0,74,0,82,0,0,110,0,0,0,0,0,0,0,0,58,0,0,0,0,0,0,0,0,81,0,127,0,114,0,0,0,123,96,29,0,3,0,92,0,0,0,0,0,108,0,0,49,70,0,0,7,0,29,0,4,0,0,106,0,41,11,0,0,0,0,44,0,0,0,0,92,0,0,0,0,0,0,92,0,0,0,64,14,0,16,0,9,0,0,0,0,0,0,0,2,0,39,0,0,0,0,17,0,0,0,0,85,21,35,0,7,0,13,0,0,3,0,0,7,3,16,0,0,0,0,0,0,0,14,0,0,0,0,0,0,0,0,7,0,0,0,28,43,0,0,9,0,18,48,0,0,46,55,0,0,0,28,0,0,52,23,0,44,64,0,0,0,0,19,0,0,0,0,0,0,42,103,0,0,0,0,0,0,0,0,0,0,0,0,0,0,0,0,0,0,0,0,0,1,1,1,1
91,0,0,0,0,0,0,21,0,0,72,0,0,0,0,109,0,0,0,72,0,108,0,0,0,81,0,74,0,0,0,0,0,108,0,0,2,0,0,0,0,4,0,93,9,0,98,0,91,0,0,0,0,69,0,0,0,65,0,0,58,0,68,0,0,0,0,0,0,89,0,0,0,0,0,0,79,0,0,29,0,3,92,0,0,0,0,0,0,0,0,0,55,92,63,0,7,79,32,0,4,0,0,0,0,41,11,0,53,0,0,46,0,83,0,0,0,0,0,0,0,0,0,0,0,0,87,72,0,0,0,0,0,0,0,0,0,0,0,0,0,0,13,0,0,0,0,0,0,0,0,0,39,0,0,0,0,0,0,0,0,0,0,8,0,0,0,0,0,0,0,0,0,0,0,0,0,0,0,0,0,0,0,0,0,0,91,0,0,0,0,0,0,0,22,9,0,4,19,0,0,0,0,0,0,10,0,0,4,30,0,0,0,0,0,0,0,0,0,0,0,13,75,0,0,0,0,90,0,0,0,111,0,0,0,55,0,0,0,88,0,0,0,0,1,1,1,0
67,0,0,0,0,0,0,15,0,0,54,0,0,0,0,81,0,0,0,54,0,81,0,0,0,60,0,55,0,0,0,0,0,81,0,0,1,0,0,0,0,3,0,69,6,0,73,0,67,0,0,0,0,51,0,0,0,48,0,0,43,0,51,0,0,0,0,0,0,66,0,0,0,0,0,0,58,0,0,21,0,1,69,0,0,0,0,0,0,0,0,0,40,69,46,0,4,58,24,0,3,0,0,0,0,30,7,0,39,0,0,34,0,61,0,0,0,0,0,0,0,0,0,0,0,0,64,54,0,0,0,0,0,0,0,0,0,0,0,0,0,0,9,0,0,0,0,0,0,0,0,0,28,0,0,0,0,0,0,0,0,0,0,6,0,0,0,0,0,0,0,0,0,0,0,0,0,0,0,0,0,0,0,0,0,0,67,0,0,0,0,0,0,0,16,6,0,3,13,0,0,0,0,0,0,7,0,0,3,22,0,0,0,0,0,0,0,0,0,0,0,9,55,0,0,0,0,67,0,0,0,82,0,0,0,40,0,0,0,66,0,0,0,0,0,0,0,0
79,0,0,0,0,0,0,21,0,0,64,115,126,0,0,0,0,0,0,64,0,0,0,0,0,72,0,65,121,0,0,0,0,0,59,0,2,0,0,0,51,4,0,92,9,0,97,0,79,0,0,110,0,106,0,0,0,101,0,0,58,0,105,0,0,0,0,0,0,78,0,52,0,114,0,0,122,123,96,29,0,2,0,92,0,0,0,0,0,53,0,0,49,91,97,0,7,122,29,0,4,0,0,61,0,41,11,0,81,0,0,43,0,116,0,0,92,0,0,0,0,0,0,92,0,0,0,64,14,0,16,0,9,0,0,0,0,0,0,0,2,0,39,0,0,0,0,17,0,0,0,0,41,21,35,0,7,0,13,0,0,3,0,0,7,3,16,0,0,0,0,0,0,0,14,0,0,0,0,0,0,0,0,7,0,0,41,28,43,0,0,9,0,0,22,9,0,4,19,0,0,0,0,0,0,10,0,0,4,30,0,0,0,0,0,0,0,0,0,0,0,13,75,0,0,0,0,122,0,0,0,0,0,0,0,85,0,0,0,127,0,0,0,0,1,1,1,0
88,0,0,0,0,0,0,21,0,0,72,0,0,0,0,109,0,0,0,72,0,108,0,0,0,81,0,73,0,0,0,0,0,108,102,0,2,0,0,0,88,4,0,110,9,0,115,0,88,0,0,0,0,0,0,0,0,0,0,0,58,0,0,0,0,0,0,0,0,87,0,91,0,0,0,0,0,0,0,29,0,3,92,0,0,0,0,0,0,92,0,0,55,107,0,0,7,0,32,0,4,0,0,106,0,41,11,0,113,0,0,44,0,0,0,0,0,0,0,0,0,0,0,0,0,0,87,72,0,0,0,0,0,0,0,0,0,0,0,0,0,0,19,0,0,0,0,0,0,0,0,0,121,0,0,0,0,0,0,0,0,0,0,8,0,0,0,0,0,0,0,0,0,0,0,0,0,0,0,0,0,0,0,0,0,0,0,0,0,0,0,0,0,18,48,0,0,46,55,0,0,0,28,0,0,52,23,0,44,64,0,0,0,0,19,0,0,0,0,0,0,42,103,0,0,0,0,0,0,0,0,111,0,0,0,118,0,0,0,0,0,0,0,0,1,0,1,1
96,0,0,0,0,0,0,21,0,0,78,115,126,0,0,0,0,0,0,78,0,0,0,0,0,87,0,79,121,0,0,0,0,0,0,0,2,0,0,0,117,4,0,123,9,0,0,0,96,0,0,110,0,69,0,0,0,65,0,0,58,0,68,0,0,0,0,0,0,93,0,119,0,114,0,0,79,123,96,29,0,3,0,92,0,0,0,0,0,122,0,0,59,119,63,0,7,79,35,0,4,0,0,0,0,41,11,0,0,0,0,46,0,83,0,0,92,0,0,0,0,0,0,92,0,0,0,78,14,0,16,0,9,0,0,0,0,0,0,0,2,0,39,0,0,0,0,17,0,0,0,0,41,21,35,0,7,0,13,0,0,3,0,0,7,3,16,0,0,0,0,0,0,0,14,0,0,0,0,0,0,0,0,7,0,0,41,28,43,0,0,9,0,0,22,9,0,4,19,0,0,0,0,0,0,10,0,0,4,30,0,0,0,0,0,0,0,0,0,0,0,13,75,0,0,0,0,90,0,0,0,0,0,0,0,0,0,0,0,88,0,0,0,0,1,1,1,0
102,0,0,0,0,0,0,21,0,0,82,0,0,0,0,109,0,0,0,82,0,108,0,0,0,91,0,83,0,0,0,0,0,108,59,0,2,0,0,0,0,4,0,0,9,0,43,0,102,0,0,0,0,120,0,0,0,113,0,0,58,0,119,0,0,0,0,0,0,98,0,0,0,0,0,0,0,0,0,29,0,3,92,0,0,0,0,0,0,0,0,0,62,0,109,0,7,0,36,0,4,0,0,61,0,41,11,0,53,0,0,47,0,0,0,0,0,0,0,0,0,0,0,0,0,0,87,82,0,0,0,0,0,0,0,0,0,0,0,0,0,0,29,0,0,0,0,0,0,0,0,0,97,0,0,0,0,0,0,0,0,0,0,8,0,0,0,0,0,0,0,0,0,0,0,0,0,0,0,0,0,0,0,0,0,0,0,0,0,0,0,0,0,18,48,0,0,46,55,0,0,0,28,0,0,52,23,0,44,64,0,0,0,0,19,0,0,0,0,0,0,42,103,0,0,0,0,0,0,0,0,111,0,0,0,55,0,0,0,0,0,0,0,0,1,0,1,1
76,0,0,0,0,0,0,15,0,0,61,0,0,0,0,81,0,0,0,61,0,81,0,0,0,67,0,61,0,0,0,0,0,81,43,0,1,0,0,0,0,3,0,0,6,0,31,0,76,0,0,0,0,90,0,0,0,84,0,0,43,0,88,0,0,0,0,0,0,73,0,0,0,0,0,0,0,0,0,21,0,1,69,0,0,0,0,0,0,0,0,0,46,0,81,0,4,0,27,0,3,0,0,45,0,30,7,0,39,0,0,34,0,0,0,0,0,0,0,0,0,0,0,0,0,0,64,61,0,0,0,0,0,0,0,0,0,0,0,0,0,0,21,0,0,0,0,0,0,0,0,0,72,0,0,0,0,0,0,0,0,0,0,6,0,0,0,0,0,0,0,0,0,0,0,0,0,0,0,0,0,0,0,0,0,0,0,0,0,0,0,0,0,13,36,0,0,34,40,0,0,0,21,0,0,39,16,0,33,48,0,0,0,0,13,0,0,0,0,0,0,31,76,0,0,0,0,0,0,0,0,82,0,0,0,40,0,0,0,0,0,0,0,0,0,0,0,0
87,0,0,0,0,0,0,21,0,0,69,115,126,0,0,0,0,0,0,69,0,0,0,0,0,76,0,70,121,0,0,0,0,0,90,0,2,0,0,0,51,4,0,41,9,0,65,0,87,0,0,110,0,0,0,0,0,0,0,0,58,0,0,0,0,0,0,0,0,83,0,52,0,114,0,0,79,123,96,29,0,2,0,92,0,0,0,0,0,53,0,0,53,40,123,0,7,79,30,0,4,0,0,94,0,41,11,0,81,0,0,43,0,83,0,0,92,0,0,0,0,0,0,92,0,0,0,69,14,0,16,0,9,0,0,0,0,0,0,0,2,0,39,0,0,0,0,17,0,0,0,0,73,21,35,0,7,0,13,0,0,3,0,0,7,3,16,0,0,0,0,0,0,0,14,0,0,0,0,0,0,0,0,7,0,0,74,28,43,0,0,9,0,0,22,9,0,4,19,0,0,0,0,0,0,10,0,0,4,30,0,0,0,0,0,0,0,0,0,0,0,13,75,0,0,0,0,90,0,0,0,0,0,0,0,85,0,0,0,88,0,0,0,0,1,1,1,0
94,0,0,0,0,0,0,21,0,0,75,0,0,0,0,109,0,0,0,75,0,108,0,0,0,84,0,77,0,0,0,0,0,108,126,0,2,0,0,0,88,4,0,71,9,0,91,0,94,0,0,0,0,69,0,0,0,65,0,0,58,0,68,0,0,0,0,0,0,90,0,91,0,0,0,0,0,0,0,29,0,3,92,0,0,0,0,0,0,92,0,0,58,70,0,0,7,0,33,0,4,0,0,0,0,41,11,0,113,0,0,44,0,0,0,0,0,0,0,0,0,0,0,0,0,0,87,75,0,0,0,0,0,0,0,0,0,0,0,0,0,0,19,0,0,0,0,0,0,0,0,0,50,0,0,0,0,0,0,0,0,0,0,8,0,0,0,0,0,0,0,0,0,0,0,0,0,0,0,0,0,0,0,0,0,0,119,0,0,0,0,0,0,0,22,9,0,4,19,0,0,0,0,0,0,10,0,0,4,30,0,0,0,0,0,0,0,0,0,0,0,13,75,0,0,0,0,0,0,0,0,111,0,0,0,118,0,0,0,0,0,0,0,0,1,0,1,1
100,0,0,0,0,0,0,21,0,0,79,115,126,0,0,0,0,0,0,79,0,0,0,0,0,90,0,82,121,0,0,0,0,0,0,0,2,0,0,0,117,4,0,93,9,0,110,0,100,0,0,110,0,120,0,0,0,113,0,0,58,0,119,0,0,0,0,0,0,96,0,119,0,114,0,0,79,123,96,29,0,3,0,92,0,0,0,0,0,122,0,0,62,92,63,0,7,79,35,0,4,0,0,61,0,41,11,0,0,0,0,46,0,83,0,0,92,0,0,0,0,0,0,92,0,0,0,79,14,0,16,0,9,0,0,0,0,0,0,0,2,0,39,0,0,0,0,17,0,0,0,0,41,21,35,0,7,0,13,0,0,3,0,0,7,3,16,0,0,0,0,0,0,0,14,0,0,0,0,0,0,0,0,7,0,0,75,28,43,0,0,9,0,0,22,9,0,4,19,0,0,0,0,0,0,10,0,0,4,30,0,0,0,0,0,0,0,0,0,0,0,13,75,0,0,0,0,90,0,0,0,0,0,0,0,0,0,0,0,88,0,0,0,0,1,1,1,0
75,0,0,0,0,0,0,15,0,0,58,85,94,0,0,0,0,0,0,58,0,0,0,0,0,67,0,61,90,0,0,0,0,0,0,0,1,0,0,0,87,3,0,69,6,0,82,0,75,0,0,82,0,90,0,0,0,84,0,0,43,0,88,0,0,0,0,0,0,72,0,88,0,85,0,0,58,91,72,21,0,1,0,69,0,0,0,0,0,91,0,0,46,69,46,0,4,58,25,0,3,0,0,45,0,30,7,0,0,0,0,34,0,61,0,0,69,0,0,0,0,0,0,69,0,0,0,58,10,0,12,0,6,0,0,0,0,0,0,0,1,0,28,0,0,0,0,12,0,0,0,0,30,15,25,0,4,0,9,0,0,1,0,0,4,1,12,0,0,0,0,0,0,0,10,0,0,0,0,0,0,0,0,4,0,0,55,21,31,0,0,6,0,0,16,6,0,3,13,0,0,0,0,0,0,7,0,0,3,22,0,0,0,0,0,0,0,0,0,0,0,9,55,0,0,0,0,67,0,0,0,0,0,0,0,0,0,0,0,66,0,0,0,0,0,0,0,0
84,0,0,0,0,47,0,31,0,0,36,111,0,0,0,37,0,92,76,42,87,31,0,0,0,49,0,7,0,0,83,82,0,35,7,74,2,0,0,78,114,5,106,61,13,89,56,0,62,0,0,108,0,116,0,0,0,40,0,0,89,0,75,0,0,0,0,0,0,124,0,106,0,0,0,0,39,0,0,44,0,0,55,119,0,0,0,0,0,56,0,0,41,80,87,0,10,109,7,0,5,0,0,71,0,63,15,0,40,0,0,68,0,0,0,0,97,0,0,0,0,66,0,0,92,0,38,66,0,0,0,0,0,0,0,0,0,0,0,0,0,0,33,0,0,0,0,0,0,0,0,0,18,0,9,0,0,0,0,0,0,0,0,10,0,4,0,0,0,0,0,0,0,0,0,0,0,0,0,0,0,0,0,0,0,0,85,7,17,0,0,0,0,0,22,9,0,4,19,0,0,0,0,0,0,10,0,0,4,30,0,0,0,0,0,0,0,0,0,0,0,13,75,0,0,0,0,122,0,0,0,111,0,0,0,55,0,0,0,127,0,0,0,0,1,1,1,0
93,0,0,0,0,0,0,21,0,0,51,0,126,0,0,0,0,0,0,55,0,0,0,0,0,63,0,29,121,0,0,0,0,0,63,0,2,0,0,0,0,4,0,86,9,0,85,0,76,0,0,0,0,0,0,0,0,95,0,0,58,0,123,0,0,0,0,0,0,122,0,0,0,114,0,0,107,123,96,29,0,2,0,0,0,0,0,0,0,95,0,0,49,100,127,0,7,0,15,0,4,0,0,113,0,57,11,0,83,0,0,64,0,83,0,0,0,0,0,0,0,0,0,92,0,0,115,73,0,0,0,0,0,0,0,0,0,0,0,0,0,0,61,0,0,0,0,0,0,0,0,0,93,0,0,0,0,0,0,0,0,0,0,8,0,0,0,0,0,0,0,0,0,0,0,0,0,0,0,0,0,0,0,0,0,0,93,0,13,0,0,0,0,0,22,9,0,4,19,0,0,0,0,0,0,10,0,0,4,30,0,0,0,0,0,0,0,0,0,0,0,13,75,0,0,0,0,0,0,0,0,0,0,0,0,95,0,0,0,0,0,0,0,0,1,0,1,1
99,0,0,0,0,0,0,21,0,0,61,115,0,0,0,109,0,0,0,64,0,108,0,0,0,73,0,46,0,0,0,0,0,108,105,0,2,0,0,0,51,4,0,105,9,0,106,0,87,0,0,110,0,69,0,0,0,0,0,0,58,0,0,0,0,0,0,0,0,120,0,52,0,0,0,0,0,0,0,29,0,3,92,92,0,0,0,0,0,123,0,0,55,115,0,0,7,79,21,0,4,0,0,0,0,53,11,0,114,0,0,61,0,0,0,0,92,0,0,0,0,0,0,0,0,0,0,78,14,0,16,0,9,0,0,0,0,0,0,0,2,0,39,0,0,0,0,17,0,0,0,0,41,21,35,0,7,0,13,0,0,3,0,4,7,3,16,0,0,0,0,0,0,0,14,0,0,0,0,0,0,0,0,7,0,0,100,28,43,0,0,9,0,0,22,9,0,4,19,0,0,0,0,0,0,10,0,0,4,30,0,0,0,0,0,0,0,0,0,0,0,13,75,0,0,0,0,90,0,0,0,111,0,0,0,125,0,0,0,88,0,0,0,0,1,1,1,0
103,0,0,0,0,0,0,21,0,0,69,0,126,0,0,0,0,0,0,72,0,0,0,0,0,81,0,59,121,0,0,0,0,0,0,0,2,0,0,0,88,4,0,119,9,0,122,0,94,0,0,0,0,120,0,0,0,65,0,0,58,0,68,0,0,0,0,0,0,119,0,91,0,114,0,0,79,123,96,29,0,3,0,0,0,0,0,0,0,0,0,0,59,125,63,0,7,0,26,0,4,0,0,61,0,50,11,0,0,0,0,58,0,83,0,0,0,0,0,0,0,0,0,92,0,0,87,82,0,0,0,0,0,0,0,0,0,0,0,0,0,0,46,0,0,0,0,0,0,0,0,0,73,0,0,0,0,0,0,0,0,0,0,8,0,0,0,0,0,0,0,0,0,0,0,0,0,0,0,0,0,0,0,0,0,0,103,0,0,0,0,0,0,0,22,9,0,4,19,0,0,0,0,0,0,10,0,0,4,30,0,0,0,0,0,0,0,0,0,0,0,13,75,0,0,0,0,0,0,0,0,0,0,0,0,0,0,0,0,0,0,0,0,0,1,1,1,1
76,0,0,0,0,0,0,15,0,0,51,0,94,0,0,0,0,0,0,54,0,0,0,0,0,60,0,43,90,0,0,0,0,0,0,0,1,0,0,0,66,3,0,88,6,0,91,0,70,0,0,0,0,90,0,0,0,48,0,0,43,0,51,0,0,0,0,0,0,88,0,67,0,85,0,0,58,91,72,21,0,1,0,0,0,0,0,0,0,0,0,0,43,93,46,0,4,0,19,0,3,0,0,45,0,37,7,0,0,0,0,43,0,61,0,0,0,0,0,0,0,0,0,69,0,0,64,61,0,0,0,0,0,0,0,0,0,0,0,0,0,0,34,0,0,0,0,0,0,0,0,0,54,0,0,0,0,0,0,0,0,0,0,6,0,0,0,0,0,0,0,0,0,0,0,0,0,0,0,0,0,0,0,0,0,0,76,0,0,0,0,0,0,0,16,6,0,3,13,0,0,0,0,0,0,7,0,0,3,22,0,0,0,0,0,0,0,0,0,0,0,9,55,0,0,0,0,0,0,0,0,0,0,0,0,0,0,0,0,0,0,0,0,0,0,0,0,0
87,0,0,0,0,0,0,21,0,0,61,115,0,0,0,109,0,0,0,64,0,108,0,0,0,72,0,56,0,0,0,0,0,108,59,0,2,0,0,0,100,4,0,107,9,0,110,0,82,0,0,110,0,0,0,0,0,101,0,0,58,0,105,0,0,0,0,0,0,95,0,101,0,0,0,0,122,0,0,29,0,2,92,92,0,0,0,0,0,53,0,0,50,109,97,0,7,79,24,0,4,0,0,94,0,41,11,0,53,0,0,44,0,116,0,0,92,0,0,0,0,0,0,0,0,0,0,69,14,0,16,0,9,0,0,0,0,0,0,0,2,0,39,0,0,0,0,17,0,0,0,0,41,21,35,0,7,0,13,0,0,3,0,7,7,3,16,0,0,0,0,0,0,0,14,0,0,0,0,0,0,0,0,7,0,0,64,28,43,0,0,9,0,0,22,9,0,4,19,0,0,0,0,0,0,10,0,0,4,30,0,0,0,0,0,0,0,0,0,0,0,13,75,0,0,0,0,90,0,0,0,111,0,0,0,55,0,0,0,88,0,0,0,0,1,1,1,0
94,0,0,0,0,0,0,21,0,0,69,0,126,0,0,0,0,0,0,72,0,0,0,0,0,81,0,67,121,0,0,0,0,0,102,0,2,0,0,0,126,4,0,120,9,0,125,0,91,0,0,0,0,69,0,0,0,0,0,0,58,0,0,0,0,0,0,0,0,99,0,127,0,114,0,0,0,123,96,29,0,3,0,0,0,0,0,0,0,92,0,0,56,121,0,0,7,0,29,0,4,0,0,0,0,41,11,0,92,0,0,46,0,0,0,0,0,0,0,0,0,0,0,92,0,0,87,75,0,0,0,0,0,0,0,0,0,0,0,0,0,0,35,0,0,0,0,0,0,0,0,0,0,0,0,0,0,0,0,0,0,0,0,8,0,0,0,0,0,0,0,0,0,0,0,0,0,0,0,0,0,0,0,0,0,0,0,0,0,0,0,0,0,18,48,0,0,46,55,0,0,0,28,0,0,52,23,0,44,64,0,0,0,0,19,0,0,0,0,0,0,42,103,0,0,0,0,0,0,0,0,0,0,0,0,95,0,0,0,0,0,0,0,0,1,0,1,1
100,0,0,0,0,0,0,21,0,0,75,115,0,0,0,109,0,0,0,78,0,108,0,0,0,87,0,74,0,0,0,0,0,108,0,0,2,0,0,0,0,4,0,0,9,0,0,0,97,0,0,110,0,120,0,0,0,65,0,0,58,0,68,0,0,0,0,0,0,102,0,0,0,0,0,0,79,0,0,29,0,3,92,92,0,0,0,0,0,122,0,0,61,0,63,0,7,79,32,0,4,0,0,61,0,41,11,0,122,0,0,47,0,83,0,0,92,0,0,0,0,0,0,0,0,0,0,79,14,0,16,0,9,0,0,0,0,0,0,0,2,0,39,0,0,0,0,17,0,0,0,0,41,21,35,0,7,0,13,0,0,3,0,0,7,3,16,0,0,0,0,0,0,0,14,0,0,0,0,0,0,0,0,7,0,0,73,28,43,0,0,9,0,0,22,9,0,4,19,0,0,0,0,0,0,10,0,0,4,30,0,0,0,0,0,0,0,0,0,0,0,13,75,0,0,0,0,90,0,0,0,111,0,0,0,125,0,0,0,88,0,0,0,0,1,1,1,0
75,0,0,0,0,0,0,15,0,0,55,85,0,0,0,81,0,0,0,58,0,81,0,0,0,64,0,55,0,0,0,0,0,81,0,0,1,0,0,0,0,3,0,0,6,0,0,0,72,0,0,82,0,90,0,0,0,48,0,0,43,0,51,0,0,0,0,0,0,76,0,0,0,0,0,0,58,0,0,21,0,1,69,69,0,0,0,0,0,91,0,0,45,0,46,0,4,58,24,0,3,0,0,45,0,30,7,0,91,0,0,34,0,61,0,0,69,0,0,0,0,0,0,0,0,0,0,58,10,0,12,0,6,0,0,0,0,0,0,0,1,0,28,0,0,0,0,12,0,0,0,0,30,15,25,0,4,0,9,0,0,1,0,0,4,1,12,0,0,0,0,0,0,0,10,0,0,0,0,0,0,0,0,4,0,0,54,21,31,0,0,6,0,0,16,6,0,3,13,0,0,0,0,0,0,7,0,0,3,22,0,0,0,0,0,0,0,0,0,0,0,9,55,0,0,0,0,67,0,0,0,82,0,0,0,93,0,0,0,66,0,0,0,0,0,0,0,0
84,0,0,0,0,47,0,31,0,0,33,111,85,0,0,97,0,92,76,42,87,91,0,0,0,48,0,2,70,0,83,82,0,95,7,74,2,0,0,78,50,5,106,10,13,89,0,0,61,0,0,108,0,116,0,0,0,13,0,0,89,0,46,0,0,0,0,0,0,127,0,40,0,79,0,0,39,70,77,44,0,0,106,119,0,0,0,0,0,56,0,0,40,29,87,0,10,109,7,0,5,0,0,71,0,63,15,0,107,0,0,68,0,0,0,0,97,0,0,0,0,66,0,85,92,0,38,66,0,40,0,52,0,24,0,42,4,14,41,0,0,0,49,45,0,0,0,0,14,40,32,24,55,0,41,30,0,65,0,48,29,0,49,0,0,0,0,34,7,37,0,0,16,35,0,28,28,43,64,0,23,0,0,0,0,8,92,35,50,35,47,0,0,0,12,4,0,1,9,0,0,0,0,0,0,4,0,0,1,16,0,0,0,0,0,0,0,0,0,0,0,6,40,0,0,0,0,49,0,0,0,61,0,0,0,69,0,0,0,49,0,0,0,0,0,0,0,0
93,0,0,0,0,0,0,21,0,0,48,0,0,0,0,0,0,0,0,55,0,0,0,0,0,63,0,26,0,0,0,0,0,0,63,0,2,0,0,0,88,4,0,48,9,0,43,0,75,0,0,0,0,0,0,0,0,74,0,0,58,0,102,0,0,0,0,0,0,123,0,82,0,0,0,0,107,0,0,29,0,2,0,0,0,0,0,0,0,95,0,0,49,61,127,0,7,0,15,0,4,0,0,113,0,57,11,0,0,0,0,64,0,83,0,0,0,0,0,0,0,0,0,0,0,0,115,73,0,0,0,0,0,0,0,0,0,0,0,0,0,0,23,0,0,0,0,0,0,0,0,0,49,0,0,0,0,0,0,0,0,0,0,8,0,0,0,0,0,0,0,0,0,0,0,0,0,0,0,0,0,0,0,0,0,0,125,0,0,0,0,0,0,0,22,9,0,4,19,0,0,0,0,0,0,10,0,0,4,30,0,0,0,0,0,0,0,0,0,0,0,13,75,0,0,0,0,109,0,0,0,126,0,0,0,106,0,0,0,114,0,0,0,0,1,1,1,0
99,0,0,0,0,0,0,21,0,0,60,115,126,0,0,109,0,0,0,64,0,108,0,0,0,73,0,44,121,0,0,0,0,108,105,0,2,0,0,0,117,4,0,77,9,0,74,0,85,0,0,110,0,69,0,0,0,120,0,0,58,0,0,0,0,0,0,0,0,120,0,113,0,114,0,0,0,123,96,29,0,3,92,92,0,0,0,0,0,123,0,0,55,85,0,0,7,79,21,0,4,0,0,0,0,53,11,0,53,0,0,61,0,0,0,0,92,0,0,0,0,0,0,92,0,0,0,78,14,0,16,0,9,0,0,0,0,0,0,0,2,0,39,0,0,0,0,17,0,0,0,0,59,21,35,0,7,0,13,0,0,3,0,0,7,3,16,0,0,0,0,0,0,0,14,0,0,0,0,0,0,0,0,7,0,0,106,28,43,0,0,9,0,0,22,9,0,4,19,0,0,0,0,0,0,10,0,0,4,30,0,0,0,0,0,0,0,0,0,0,0,13,75,0,0,0,0,0,0,0,0,0,0,0,0,0,0,0,0,0,0,0,0,0,1,1,1,1
103,0,0,0,0,0,0,21,0,0,69,0,0,0,0,0,0,0,0,72,0,0,0,0,0,81,0,58,0,0,0,0,0,0,0,0,2,0,0,0,0,4,0,98,9,0,98,0,93,0,0,0,0,120,0,0,0,0,0,0,58,0,68,0,0,0,0,0,0,119,0,0,0,0,0,0,79,0,0,29,0,3,0,0,0,0,0,0,0,0,0,0,59,103,63,0,7,0,26,0,4,0,0,61,0,50,11,0,92,0,0,58,0,83,0,0,0,0,0,0,0,0,0,0,0,0,87,82,0,0,0,0,0,0,0,0,0,0,0,0,0,0,9,0,0,0,0,0,0,0,0,0,70,0,0,0,0,0,0,0,0,0,0,8,0,0,0,0,0,0,0,0,0,0,0,0,0,0,0,0,0,0,0,0,0,0,119,0,0,0,0,0,0,0,22,9,0,4,19,0,0,0,0,0,0,10,0,0,4,30,0,0,0,0,0,0,0,0,0,0,0,13,75,0,0,0,0,90,0,0,0,111,0,0,0,55,0,0,0,88,0,0,0,0,1,1,1,0
76,0,0,0,0,0,0,15,0,0,51,0,0,0,0,0,0,0,0,54,0,0,0,0,0,60,0,43,0,0,0,0,0,0,0,0,1,0,0,0,0,3,0,73,6,0,73,0,69,0,0,0,0,90,0,0,0,0,0,0,43,0,51,0,0,0,0,0,0,88,0,0,0,0,0,0,58,0,0,21,0,1,0,0,0,0,0,0,0,0,0,0,43,76,46,0,4,0,19,0,3,0,0,45,0,37,7,0,69,0,0,43,0,61,0,0,0,0,0,0,0,0,0,0,0,0,64,61,0,0,0,0,0,0,0,0,0,0,0,0,0,0,6,0,0,0,0,0,0,0,0,0,52,0,0,0,0,0,0,0,0,0,0,6,0,0,0,0,0,0,0,0,0,0,0,0,0,0,0,0,0,0,0,0,0,0,88,0,0,0,0,0,0,0,16,6,0,3,13,0,0,0,0,0,0,7,0,0,3,22,0,0,0,0,0,0,0,0,0,0,0,9,55,0,0,0,0,67,0,0,0,82,0,0,0,40,0,0,0,66,0,0,0,0,0,0,0,0
87,0,0,0,0,0,0,21,0,0,61,115,126,0,0,109,0,0,0,64,0,108,0,0,0,72,0,56,121,0,0,0,0,108,59,0,2,0,0,0,51,4,0,95,9,0,97,0,81,0,0,110,0,0,0,0,0,65,0,0,58,0,105,0,0,0,0,0,0,95,0,52,0,114,0,0,122,123,96,29,0,2,92,92,0,0,0,0,0,53,0,0,50,97,97,0,7,79,24,0,4,0,0,94,0,41,11,0,104,0,0,44,0,116,0,0,92,0,0,0,0,0,0,92,0,0,0,69,14,0,16,109,9,0,0,0,0,0,0,0,2,0,39,0,0,0,0,17,0,0,0,0,41,21,35,0,7,0,13,0,0,3,0,0,7,3,16,0,0,0,4,0,0,0,14,0,0,0,0,0,0,0,0,7,0,0,49,28,43,0,0,9,0,0,22,9,0,4,19,0,0,0,0,0,0,10,0,0,4,30,0,0,0,0,0,0,0,0,0,0,0,13,75,0,0,0,0,122,0,0,0,0,0,0,0,85,0,0,0,127,0,0,0,0,1,1,1,0
94,0,0,0,0,0,0,21,0,0,69,0,0,0,0,0,0,0,0,72,0,0,0,0,0,81,0,67,0,0,0,0,0,0,102,0,2,0,0,0,88,4,0,111,9,0,115,0,90,0,0,0,0,69,0,0,0,113,0,0,58,0,0,0,0,0,0,0,0,99,0,91,0,0,0,0,0,0,0,29,0,3,0,0,0,0,0,0,0,92,0,0,56,112,0,0,7,0,29,0,4,0,0,0,0,41,11,0,0,0,0,46,0,0,0,0,0,0,0,0,0,0,0,0,0,0,87,75,0,0,0,0,0,0,0,0,0,0,0,0,0,0,27,0,0,0,0,0,0,0,0,0,89,0,0,0,0,0,0,0,0,0,0,8,0,0,0,0,0,0,0,0,0,0,0,0,0,0,0,0,0,0,0,0,0,0,0,0,0,0,0,0,0,18,48,0,0,46,55,0,0,0,28,0,0,52,23,0,44,64,0,0,0,0,19,0,0,0,0,0,0,42,103,0,0,0,0,0,0,0,0,111,0,0,0,118,0,0,0,0,0,0,0,0,1,0,1,1
100,0,0,0,0,0,0,21,0,0,75,115,126,0,0,109,0,0,0,78,0,108,0,0,0,87,0,74,121,0,0,0,0,108,0,0,2,0,0,0,117,4,0,123,9,0,0,0,97,0,0,110,0,120,0,0,0,0,0,0,58,0,68,0,0,0,0,0,0,102,0,119,0,114,0,0,79,123,96,29,0,3,92,92,0,0,0,0,0,122,0,0,61,124,63,0,7,79,32,0,4,0,0,61,0,41,11,0,53,0,0,47,0,83,0,0,92,0,0,0,0,0,0,92,0,0,0,79,14,0,16,0,9,0,0,0,0,0,0,0,2,0,39,0,0,0,0,17,0,0,0,0,41,21,35,0,7,0,13,0,0,3,0,0,7,3,16,0,0,0,0,0,0,0,14,0,0,0,0,0,0,0,0,7,0,0,46,28,43,0,0,9,0,0,22,9,0,4,19,0,0,0,0,0,0,10,0,0,4,30,0,0,0,0,0,0,0,0,0,0,0,13,75,0,0,0,0,90,0,0,0,0,0,0,0,0,0,0,0,88,0,0,0,0,1,1,1,0
75,0,0,0,0,0,0,15,0,0,55,85,94,0,0,81,0,0,0,58,0,81,0,0,0,64,0,55,90,0,0,0,0,81,0,0,1,0,0,0,87,3,0,91,6,0,0,0,72,0,0,82,0,90,0,0,0,0,0,0,43,0,51,0,0,0,0,0,0,76,0,88,0,85,0,0,58,91,72,21,0,1,69,69,0,0,0,0,0,91,0,0,45,93,46,0,4,58,24,0,3,0,0,45,0,30,7,0,39,0,0,34,0,61,0,0,69,0,0,0,0,0,0,69,0,0,0,58,10,0,12,0,6,0,0,0,0,0,0,0,1,0,28,0,0,0,0,12,0,0,0,0,30,15,25,0,4,0,9,0,0,1,0,0,4,1,12,0,0,0,0,0,0,0,10,0,0,0,0,0,0,0,0,4,0,0,34,21,31,0,0,6,0,0,16,6,0,3,13,0,0,0,0,0,0,7,0,0,3,22,0,0,0,0,0,0,0,0,0,0,0,9,55,0,0,0,0,67,0,0,0,0,0,0,0,0,0,0,0,66,0,0,0,0,0,0,0,0
55,0,0,0,0,0,0,10,0,0,40,63,70,0,0,60,0,0,0,43,0,60,0,0,0,48,0,40,67,0,0,0,0,60,0,0,0,0,0,0,64,1,0,67,4,0,0,0,54,0,0,61,0,67,0,0,0,0,0,0,31,0,37,0,0,0,0,0,0,57,0,66,0,63,0,0,43,67,54,15,0,0,51,51,0,0,0,0,0,67,0,0,33,69,34,0,3,43,18,0,1,0,0,33,0,22,4,0,28,0,0,25,0,45,0,0,51,0,0,0,0,0,0,51,0,0,0,43,7,0,9,0,4,0,0,0,0,0,0,0,0,0,21,0,0,0,0,9,0,0,0,0,22,10,18,0,3,0,6,0,0,0,0,0,3,0,9,0,0,0,0,0,0,0,7,0,0,0,0,0,0,0,0,3,0,0,25,15,22,0,0,4,0,0,12,4,0,1,9,0,0,0,0,0,0,4,0,0,1,16,0,0,0,0,0,0,0,0,0,0,0,6,40,0,0,0,0,49,0,0,0,0,0,0,0,0,0,0,0,49,0,0,0,0,0,0,0,0
70,0,0,0,0,0,0,21,0,0,54,0,0,0,0,0,0,0,0,55,0,0,0,0,0,63,0,55,0,0,0,0,0,0,59,0,2,0,0,0,99,4,0,90,9,0,43,0,70,0,0,0,0,118,0,0,0,65,0,0,58,0,95,0,0,0,0,0,0,71,0,101,0,0,0,0,110,0,0,29,0,2,0,0,0,0,0,0,0,102,0,0,43,91,88,0,7,110,24,0,4,0,0,85,0,41,11,0,74,0,0,43,0,104,0,0,0,0,0,0,0,0,0,0,0,0,87,55,0,0,0,0,0,0,0,0,0,0,0,0,0,0,26,0,0,0,0,0,0,0,0,0,54,0,0,0,0,0,0,0,0,0,0,8,0,0,0,0,0,0,0,0,0,0,0,0,0,0,0,0,0,0,0,0,0,0,106,0,0,0,0,0,0,0,22,9,0,4,19,0,0,0,0,0,0,10,0,0,4,30,0,0,0,0,0,0,0,0,0,0,0,13,75,0,0,0,0,109,0,0,0,111,0,0,0,55,0,0,0,114,0,0,0,0,1,1,1,0
82,0,0,0,0,0,0,21,0,0,64,115,126,0,0,109,0,0,0,64,0,108,0,0,0,73,0,65,121,0,0,0,0,108,102,0,2,0,0,0,124,4,0,108,9,0,74,0,82,0,0,110,0,0,0,0,0,113,0,0,58,0,0,0,0,0,0,0,0,81,0,127,0,114,0,0,0,123,96,29,0,3,92,92,0,0,0,0,0,0,0,0,50,107,0,0,7,0,29,0,4,0,0,124,0,41,11,0,108,0,0,44,0,0,0,0,92,0,0,0,0,0,0,92,0,0,0,64,14,0,16,0,9,0,0,0,0,0,0,0,2,0,39,0,0,0,0,17,0,0,0,0,75,21,35,0,7,0,13,0,0,3,0,0,7,3,16,0,0,0,0,0,0,0,14,0,0,0,0,0,0,0,0,7,0,0,0,28,43,0,0,9,0,18,48,0,0,46,55,0,0,0,28,0,0,52,23,0,44,64,0,0,0,0,19,0,0,0,0,0,0,42,103,0,0,0,0,0,0,0,0,0,0,0,0,95,0,0,0,0,0,0,0,0,1,0,1,1
91,0,0,0,0,0,0,21,0,0,72,0,0,0,0,0,0,0,0,72,0,0,0,0,0,81,0,73,0,0,0,0,0,0,0,0,2,0,0,0,0,4,0,122,9,0,98,0,91,0,0,0,0,69,0,0,0,0,0,0,58,0,68,0,0,0,0,0,0,89,0,0,0,0,0,0,79,0,0,29,0,3,0,0,0,0,0,0,0,53,0,0,56,119,63,0,7,79,32,0,4,0,0,0,0,41,11,0,0,0,0,46,0,83,0,0,0,0,0,0,0,0,0,0,0,0,87,72,0,0,0,0,0,0,0,0,0,0,0,0,0,0,34,0,0,0,0,0,0,0,0,0,49,0,0,0,0,0,0,0,0,0,0,8,0,0,0,0,0,0,0,0,0,0,0,0,0,0,0,0,0,0,0,0,0,0,99,0,0,0,0,0,0,0,22,9,0,4,19,0,0,0,0,0,0,10,0,0,4,30,0,0,0,0,0,0,0,0,0,0,0,13,75,0,0,0,0,90,0,0,0,111,0,0,0,125,0,0,0,88,0,0,0,0,1,1,1,0
67,0,0,0,0,0,0,15,0,0,54,0,0,0,0,0,0,0,0,54,0,0,0,0,0,60,0,54,0,0,0,0,0,0,0,0,1,0,0,0,0,3,0,91,6,0,73,0,67,0,0,0,0,51,0,0,0,0,0,0,43,0,51,0,0,0,0,0,0,66,0,0,0,0,0,0,58,0,0,21,0,1,0,0,0,0,0,0,0,39,0,0,42,88,46,0,4,58,24,0,3,0,0,0,0,30,7,0,0,0,0,34,0,61,0,0,0,0,0,0,0,0,0,0,0,0,64,54,0,0,0,0,0,0,0,0,0,0,0,0,0,0,25,0,0,0,0,0,0,0,0,0,36,0,0,0,0,0,0,0,0,0,0,6,0,0,0,0,0,0,0,0,0,0,0,0,0,0,0,0,0,0,0,0,0,0,73,0,0,0,0,0,0,0,16,6,0,3,13,0,0,0,0,0,0,7,0,0,3,22,0,0,0,0,0,0,0,0,0,0,0,9,55,0,0,0,0,67,0,0,0,82,0,0,0,93,0,0,0,66,0,0,0,0,0,0,0,0
79,0,0,0,0,0,0,21,0,0,64,115,126,0,0,109,0,0,0,64,0,108,0,0,0,72,0,65,121,0,0,0,0,108,59,0,2,0,0,0,51,4,0,108,9,0,97,0,79,0,0,110,0,106,0,0,0,65,0,0,58,0,105,0,0,0,0,0,0,78,0,52,0,114,0,0,122,123,96,29,0,2,92,92,0,0,0,0,0,81,0,0,50,106,97,0,7,122,29,0,4,0,0,61,0,41,11,0,53,0,0,43,0,116,0,0,92,0,0,0,0,0,0,92,0,0,0,64,14,0,16,113,9,0,0,0,0,0,0,0,2,0,39,0,0,0,0,17,0,0,0,0,41,21,35,0,7,0,13,0,0,3,0,0,7,3,16,0,0,0,0,0,0,0,14,0,0,0,0,0,0,0,0,7,0,0,41,28,43,0,0,9,0,0,22,9,0,4,19,0,0,0,0,0,0,10,0,0,4,30,0,0,0,0,0,0,0,0,0,0,0,13,75,0,0,0,0,122,0,0,0,0,0,0,0,124,0,0,0,127,0,0,0,0,1,1,1,0
88,0,0,0,0,0,0,21,0,0,72,0,0,0,0,0,0,0,0,72,0,0,0,0,0,81,0,73,0,0,0,0,0,0,102,0,2,0,0,0,88,4,0,122,9,0,115,0,88,0,0,0,0,0,0,0,0,113,0,0,58,0,0,0,0,0,0,0,0,87,0,91,0,0,0,0,0,0,0,29,0,3,0,0,0,0,0,0,0,113,0,0,56,119,0,0,7,0,32,0,4,0,0,106,0,41,11,0,92,0,0,44,0,0,0,0,0,0,0,0,0,0,0,0,0,0,87,72,0,0,0,0,0,0,0,0,0,0,0,0,0,0,19,0,0,0,0,0,0,0,0,0,113,0,0,0,0,0,0,0,0,0,0,8,0,0,0,0,0,0,0,0,0,0,0,0,0,0,0,0,0,0,0,0,0,0,0,0,0,0,0,0,0,18,48,0,0,46,55,0,0,0,28,0,0,52,23,0,44,64,0,0,0,0,19,0,0,0,0,0,0,42,103,0,0,0,0,0,0,0,0,111,0,0,0,0,0,0,0,0,0,0,0,0,1,0,1,1
96,0,0,0,0,0,0,21,0,0,78,115,126,0,0,109,0,0,0,78,0,108,0,0,0,87,0,79,121,0,0,0,0,108,0,0,2,0,0,0,117,4,0,0,9,0,0,0,96,0,0,110,0,69,0,0,0,0,0,0,58,0,68,0,0,0,0,0,0,93,0,119,0,114,0,0,79,123,96,29,0,3,92,92,0,0,0,0,0,0,0,0,61,0,63,0,7,79,35,0,4,0,0,0,0,41,11,0,122,0,0,46,0,83,0,0,92,0,0,0,0,0,0,92,0,0,0,78,14,0,16,98,9,0,0,0,0,0,0,0,2,0,39,0,0,0,0,17,0,0,0,0,41,21,35,0,7,0,13,0,0,3,0,0,7,3,16,0,0,0,0,0,0,0,14,0,0,0,0,0,0,0,0,7,0,120,41,28,43,0,0,9,0,0,22,0,0,4,19,0,0,0,0,0,0,10,0,0,4,30,0,0,0,0,0,0,0,0,0,0,0,13,64,0,0,0,0,90,0,0,0,0,0,0,0,55,0,0,0,88,0,0,0,0,1,1,1,0
72,0,0,0,0,0,0,15,0,0,58,85,94,0,0,81,0,0,0,58,0,81,0,0,0,64,0,58,90,0,0,0,0,81,0,0,1,0,0,0,87,3,0,0,6,0,0,0,72,0,0,82,0,51,0,0,0,0,0,0,43,0,51,0,0,0,0,0,0,69,0,88,0,85,0,0,58,91,72,21,0,1,69,69,0,0,0,0,0,0,0,0,45,0,46,0,4,58,25,0,3,0,0,0,0,30,7,0,91,0,0,34,0,61,0,0,69,0,0,0,0,0,0,69,0,0,0,58,10,0,12,73,6,0,0,0,0,0,0,0,1,0,28,0,0,0,0,12,0,0,0,0,30,15,25,0,4,0,9,0,0,1,0,0,4,1,12,0,0,0,0,0,0,0,10,0,0,0,0,0,0,0,0,4,0,90,30,21,31,0,0,6,0,0,16,0,0,3,13,0,0,0,0,0,0,7,0,0,3,22,0,0,0,0,0,0,0,0,0,0,0,9,48,0,0,0,0,67,0,0,0,0,0,0,0,40,0,0,0,66,0,0,0,0,0,0,0,0
54,0,0,0,0,0,0,10,0,0,43,63,70,0,0,60,0,0,0,43,0,60,0,0,0,48,0,43,67,0,0,0,0,60,0,0,0,0,0,0,64,1,0,0,4,0,0,0,54,0,0,61,0,37,0,0,0,0,0,0,31,0,37,0,0,0,0,0,0,51,0,66,0,63,0,0,43,67,54,15,0,0,51,51,0,0,0,0,0,0,0,0,33,0,34,0,3,43,18,0,1,0,0,0,0,22,4,0,67,0,0,25,0,45,0,0,51,0,0,0,0,0,0,51,0,0,0,43,7,0,9,54,4,0,0,0,0,0,0,0,0,0,21,0,0,0,0,9,0,0,0,0,22,10,18,0,3,0,6,0,0,0,0,0,3,0,9,0,0,0,0,0,0,0,7,0,0,0,0,0,0,0,0,3,0,67,22,15,22,0,0,4,0,0,12,0,0,1,9,0,0,0,0,0,0,4,0,0,1,16,0,0,0,0,0,0,0,0,0,0,0,6,36,0,0,0,0,49,0,0,0,0,0,0,0,30,0,0,0,49,0,0,0,0,0,0,0,0
70,0,0,0,0,0,0,21,0,0,55,0,0,0,0,0,0,0,0,55,0,0,0,0,0,63,0,56,0,0,0,0,0,0,59,0,2,0,0,0,99,4,0,41,9,0,43,0,70,0,0,0,0,96,0,0,0,65,0,0,58,0,95,0,0,0,0,0,0,70,0,101,0,0,0,0,110,0,0,29,0,2,0,0,0,0,0,0,0,53,0,0,43,40,88,0,7,110,24,0,4,0,0,61,0,41,11,0,102,0,0,43,0,104,0,0,0,0,0,0,0,0,0,0,0,0,87,55,0,0,0,0,0,0,0,0,0,0,0,0,0,0,26,0,0,0,0,0,0,0,0,0,54,0,0,0,0,0,0,0,0,0,0,8,0,0,0,0,0,0,0,0,0,0,0,0,0,0,0,0,0,0,0,0,0,0,106,0,0,0,0,0,0,0,22,9,0,4,19,0,0,0,0,0,0,10,0,0,4,30,0,0,0,0,0,0,0,0,0,0,0,13,75,0,0,0,0,109,0,0,0,111,0,0,0,77,0,0,0,114,0,0,0,0,1,1,1,0
82,0,0,0,0,0,0,21,0,0,64,115,126,0,0,109,0,0,0,64,0,108,0,0,0,73,0,67,121,0,0,0,0,108,102,0,2,0,0,0,124,4,0,71,9,0,74,0,82,0,0,110,0,0,0,0,0,113,0,0,58,0,0,0,0,0,0,0,0,81,0,127,0,114,0,0,0,123,96,29,0,3,92,92,0,0,0,0,0,92,0,0,50,70,0,0,7,0,29,0,4,0,0,106,0,41,11,0,0,0,0,44,0,0,0,0,92,0,0,0,0,0,0,92,0,0,0,64,14,0,16,0,9,0,0,0,0,0,0,0,2,0,39,0,0,0,0,17,0,0,0,0,75,21,35,0,7,0,13,0,0,3,0,0,7,3,16,0,0,0,0,0,0,0,14,0,0,0,0,0,0,0,0,7,0,0,0,28,43,0,0,9,0,18,48,0,0,46,55,0,0,0,28,0,0,52,23,0,44,64,0,0,0,0,19,0,0,0,0,0,0,42,103,0,0,0,0,0,0,0,0,0,0,0,0,112,0,0,0,0,0,0,0,0,1,0,1,1
91,0,0,0,0,0,0,21,0,0,72,0,0,0,0,0,0,0,0,72,0,0,0,0,0,81,0,74,0,0,0,0,0,0,0,0,2,0,0,0,0,4,0,93,9,0,98,0,91,0,0,0,0,69,0,0,0,0,0,0,58,0,68,0,0,0,0,0,0,89,0,0,0,0,0,0,79,0,0,29,0,3,0,0,0,0,0,0,0,122,0,0,56,92,63,0,7,79,32,0,4,0,0,0,0,41,11,0,53,0,0,46,0,83,0,0,0,0,0,0,0,0,0,0,0,0,87,72,0,0,0,0,0,0,0,0,0,0,0,0,0,0,26,0,0,0,0,0,0,0,0,0,54,0,0,0,0,0,0,0,0,0,0,8,0,0,0,0,0,0,0,0,0,0,0,0,0,0,0,0,0,0,0,0,0,0,90,0,0,0,0,0,0,0,22,9,0,4,19,0,0,0,0,0,0,10,0,0,4,30,0,0,0,0,0,0,0,0,0,0,0,13,75,0,0,0,0,90,0,0,0,111,0,0,0,0,0,0,0,88,0,0,0,0,1,1,1,0
67,0,0,0,0,0,0,15,0,0,54,0,0,0,0,0,0,0,0,54,0,0,0,0,0,60,0,55,0,0,0,0,0,0,0,0,1,0,0,0,0,3,0,69,6,0,73,0,67,0,0,0,0,51,0,0,0,0,0,0,43,0,51,0,0,0,0,0,0,66,0,0,0,0,0,0,58,0,0,21,0,1,0,0,0,0,0,0,0,91,0,0,42,69,46,0,4,58,24,0,3,0,0,0,0,30,7,0,39,0,0,34,0,61,0,0,0,0,0,0,0,0,0,0,0,0,64,54,0,0,0,0,0,0,0,0,0,0,0,0,0,0,19,0,0,0,0,0,0,0,0,0,40,0,0,0,0,0,0,0,0,0,0,6,0,0,0,0,0,0,0,0,0,0,0,0,0,0,0,0,0,0,0,0,0,0,67,0,0,0,0,0,0,0,16,6,0,3,13,0,0,0,0,0,0,7,0,0,3,22,0,0,0,0,0,0,0,0,0,0,0,9,55,0,0,0,0,67,0,0,0,82,0,0,0,0,0,0,0,66,0,0,0,0,0,0,0,0
79,0,0,0,0,0,0,21,0,0,64,115,126,0,0,109,0,0,0,64,0,108,0,0,0,72,0,65,121,0,0,0,0,108,59,0,2,0,0,0,51,4,0,92,9,0,97,0,79,0,0,110,0,106,0,0,0,65,0,0,58,0,105,0,0,0,0,0,0,78,0,52,0,114,0,0,122,123,96,29,0,2,92,92,0,0,0,0,0,120,0,0,50,91,97,0,7,122,29,0,4,0,0,61,0,41,11,0,81,0,0,43,0,116,0,0,92,0,0,0,0,0,0,92,0,0,0,64,14,0,16,113,9,0,0,0,0,0,0,0,2,0,39,0,0,0,0,17,0,0,0,0,41,21,35,0,7,0,13,0,0,3,0,0,7,3,16,0,0,0,0,0,0,0,14,0,0,0,0,0,0,0,0,7,0,0,41,28,43,0,0,9,0,0,22,9,0,4,19,0,0,0,0,0,0,10,0,0,4,30,0,0,0,0,0,0,0,0,0,0,0,13,75,0,0,0,0,122,0,0,0,0,0,0,0,55,0,0,0,127,0,0,0,0,1,1,1,0
88,0,0,0,0,0,0,21,0,0,72,0,0,0,0,0,0,0,0,72,0,0,0,0,0,81,0,73,0,0,0,0,0,0,102,0,2,0,0,0,88,4,0,110,9,0,115,0,88,0,0,0,0,0,0,0,0,113,0,0,58,0,0,0,0,0,0,0,0,87,0,91,0,0,0,0,0,0,0,29,0,3,0,0,0,0,0,0,0,0,0,0,56,107,0,0,7,0,32,0,4,0,0,106,0,41,11,0,113,0,0,44,0,0,0,0,0,0,0,0,0,0,0,0,0,0,87,72,0,0,0,0,0,0,0,0,0,0,0,0,0,0,19,0,0,0,0,0,0,0,0,0,108,0,0,0,0,0,0,0,0,0,0,8,0,0,0,0,0,0,0,0,0,0,0,0,0,0,0,0,0,0,0,0,0,0,0,0,0,0,0,0,0,18,48,0,0,46,55,0,0,0,28,0,0,52,23,0,44,64,0,0,0,0,19,0,0,0,0,0,0,42,103,0,0,0,0,0,0,0,0,111,0,0,0,95,0,0,0,0,0,0,0,0,1,0,1,1
96,0,0,0,0,0,0,21,0,0,78,115,126,0,0,109,0,0,0,78,0,108,0,0,0,87,0,79,121,0,0,0,0,108,0,0,2,0,0,0,117,4,0,123,9,0,0,0,96,0,0,110,0,69,0,0,0,0,0,0,58,0,68,0,0,0,0,0,0,93,0,119,0,114,0,0,79,123,96,29,0,3,92,92,0,0,0,0,0,53,0,0,61,119,63,0,7,79,35,0,4,0,0,0,0,41,11,0,0,0,0,46,0,83,0,0,92,0,0,0,0,0,0,92,0,0,0,78,14,0,16,0,9,0,0,0,0,0,0,0,2,0,39,0,0,0,0,17,0,0,0,0,41,21,35,0,7,0,13,0,0,3,0,0,7,3,16,0,0,0,0,0,0,0,14,0,0,0,0,0,0,0,0,7,0,0,41,28,43,0,0,9,0,0,22,9,0,4,19,0,0,0,0,0,0,10,0,0,4,30,0,0,0,0,0,0,0,0,0,0,0,13,75,0,0,0,0,90,0,0,0,0,0,0,0,125,0,0,0,88,0,0,0,0,1,1,1,0
72,0,0,0,0,0,0,15,0,0,58,85,94,0,0,81,0,0,0,58,0,81,0,0,0,64,0,58,90,0,0,0,0,81,0,0,1,0,0,0,87,3,0,91,6,0,0,0,72,0,0,82,0,51,0,0,0,0,0,0,43,0,51,0,0,0,0,0,0,69,0,88,0,85,0,0,58,91,72,21,0,1,69,69,0,0,0,0,0,39,0,0,45,88,46,0,4,58,25,0,3,0,0,0,0,30,7,0,0,0,0,34,0,61,0,0,69,0,0,0,0,0,0,69,0,0,0,58,10,0,12,0,6,0,0,0,0,0,0,0,1,0,28,0,0,0,0,12,0,0,0,0,30,15,25,0,4,0,9,0,0,1,0,0,4,1,12,0,0,0,0,0,0,0,10,0,0,0,0,0,0,0,0,4,0,0,30,21,31,0,0,6,0,0,16,6,0,3,13,0,0,0,0,0,0,7,0,0,3,22,0,0,0,0,0,0,0,0,0,0,0,9,55,0,0,0,0,67,0,0,0,0,0,0,0,93,0,0,0,66,0,0,0,0,0,0,0,0
84,0,0,0,0,0,0,21,0,0,67,0,0,0,0,0,0,0,0,67,0,0,0,0,0,75,0,68,0,0,0,0,0,0,59,0,2,0,0,0,115,4,0,108,9,0,43,0,84,0,0,0,0,106,0,0,0,65,0,0,58,0,105,0,0,0,0,0,0,80,0,118,0,0,0,0,122,0,0,29,0,2,0,0,0,0,0,0,0,81,0,0,52,106,97,0,7,122,29,0,4,0,0,61,0,41,11,0,53,0,0,43,0,116,0,0,0,0,0,0,0,0,0,0,0,0,87,67,0,0,0,0,0,0,0,0,0,0,0,0,0,0,26,0,0,0,0,0,0,0,0,0,54,0,0,0,0,0,0,0,0,0,0,8,0,0,0,0,0,0,0,0,0,0,0,0,0,0,0,0,0,0,0,0,0,0,106,0,0,0,0,0,0,0,22,9,0,4,19,0,0,0,0,0,0,10,0,0,4,30,0,0,0,0,0,0,0,0,0,0,0,13,75,0,0,0,0,122,0,0,0,111,0,0,0,124,0,0,0,127,0,0,0,0,1,1,1,0
93,0,0,0,0,0,0,21,0,0,73,115,126,0,0,109,0,0,0,73,0,108,0,0,0,82,0,76,121,0,0,0,0,108,102,0,2,0,0,0,0,4,0,122,9,0,74,0,93,0,0,110,0,0,0,0,0,113,0,0,58,0,0,0,0,0,0,0,0,89,0,0,0,114,0,0,0,123,96,29,0,3,92,92,0,0,0,0,0,113,0,0,58,119,0,0,7,0,32,0,4,0,0,106,0,41,11,0,92,0,0,44,0,0,0,0,92,0,0,0,0,0,0,92,0,0,0,73,14,0,16,0,9,0,0,0,0,0,0,0,2,0,39,0,0,0,0,17,0,0,0,0,91,21,35,0,7,0,13,0,0,3,0,0,7,3,16,0,0,0,0,0,0,0,14,0,0,0,0,0,0,0,0,7,0,0,103,28,43,0,0,9,0,0,22,9,0,4,19,0,0,0,0,0,0,10,0,0,4,30,0,0,0,0,0,0,0,0,0,0,0,13,75,0,0,0,0,0,0,0,0,0,0,0,0,0,0,0,0,0,0,0,0,0,1,1,1,1
99,0,0,0,0,0,0,21,0,0,78,0,0,0,0,0,0,0,0,78,0,0,0,0,0,88,0,82,0,0,0,0,0,0,0,0,2,0,0,0,51,4,0,0,9,0,98,0,99,0,0,0,0,69,0,0,0,0,0,0,58,0,68,0,0,0,0,0,0,95,0,52,0,0,0,0,79,0,0,29,0,3,0,0,0,0,0,0,0,0,0,0,62,0,63,0,7,79,35,0,4,0,0,0,0,41,11,0,122,0,0,46,0,83,0,0,0,0,0,0,0,0,0,0,0,0,87,78,0,0,0,0,0,0,0,0,0,0,0,0,0,0,19,0,0,0,0,0,0,0,0,0,38,0,0,0,0,0,0,0,0,0,0,8,0,0,0,0,0,0,0,0,0,0,0,0,0,0,0,0,0,0,0,0,0,0,107,0,0,0,0,0,0,0,22,9,0,4,19,0,0,0,0,0,0,10,0,0,4,30,0,0,0,0,0,0,0,0,0,0,0,13,75,0,0,0,0,90,0,0,0,111,0,0,0,55,0,0,0,88,0,0,0,0,1,1,1,0
103,0,0,0,0,0,0,21,0,0,82,115,126,0,0,109,0,0,0,82,0,108,0,0,0,93,0,86,121,0,0,0,0,108,59,0,2,0,0,0,88,4,0,41,9,0,116,0,103,0,0,110,0,120,0,0,0,65,0,0,58,0,119,0,0,0,0,0,0,99,0,91,0,114,0,0,0,123,96,29,0,3,92,92,0,0,0,0,0,53,0,0,65,40,109,0,7,0,36,0,4,0,0,61,0,41,11,0,0,0,0,47,0,0,0,0,92,0,0,0,0,0,0,92,0,0,0,82,14,0,16,0,9,0,0,0,0,0,0,0,2,0,39,0,0,0,0,17,0,0,0,0,53,21,35,0,7,0,13,0,0,3,0,0,7,3,16,0,0,0,0,0,0,0,14,0,0,0,0,0,0,0,0,7,0,0,103,28,43,0,0,9,0,0,22,9,0,4,19,0,0,0,0,0,0,10,0,0,4,30,0,0,0,0,0,0,0,0,0,0,0,13,75,0,0,0,0,0,0,0,0,0,0,0,0,95,0,0,0,0,0,0,0,0,1,0,1,1
106,0,0,0,0,0,0,21,0,0,85,0,0,0,0,0,0,0,0,85,0,0,0,0,0,96,0,89,0,0,0,0,0,0,102,0,2,0,0,0,117,4,0,71,9,0,0,0,106,0,0,0,0,0,0,0,0,113,0,0,58,0,0,0,0,0,0,0,0,102,0,119,0,0,0,0,79,0,0,29,0,3,0,0,0,0,0,0,0,92,0,0,67,70,0,0,7,79,38,0,4,0,0,106,0,41,11,0,53,0,0,47,0,83,0,0,0,0,0,0,0,0,0,0,0,0,87,85,0,0,0,0,0,0,0,0,0,0,0,0,0,0,0,0,0,0,0,0,0,0,0,0,75,0,0,0,0,0,0,0,0,0,0,26,0,0,0,0,0,0,0,0,0,0,0,0,0,0,0,0,0,0,0,0,0,0,0,0,0,0,0,0,0,18,48,0,0,46,55,0,0,0,28,0,0,52,23,0,44,64,0,0,0,0,19,0,0,0,0,0,0,42,103,0,0,0,0,90,0,0,0,111,0,0,0,125,0,0,0,88,0,0,0,0,1,1,1,0
109,0,0,0,0,0,0,21,0,0,87,115,126,0,0,109,0,0,0,87,0,108,0,0,0,99,0,91,121,0,0,0,0,108,0,0,2,0,0,0,0,4,0,93,9,0,43,0,109,0,0,110,0,69,0,0,0,0,0,0,58,0,68,0,0,0,0,0,0,105,0,0,0,114,0,0,0,123,96,29,0,3,92,92,0,0,0,0,0,122,0,0,68,92,63,0,7,0,39,0,4,0,0,0,0,41,11,0,92,0,0,47,0,0,0,0,92,0,0,0,0,0,0,92,0,0,0,87,14,0,16,0,9,0,0,0,0,0,0,0,2,0,39,0,0,0,0,17,0,0,0,0,58,21,35,0,7,0,13,0,0,3,0,0,7,3,16,0,0,0,0,0,0,0,14,0,0,0,0,0,0,0,0,7,0,0,83,28,43,0,0,9,0,0,22,9,0,4,19,0,0,0,0,0,0,10,0,0,4,30,0,0,0,0,0,0,0,0,0,0,0,13,75,0,0,0,0,0,0,0,0,0,0,0,0,0,0,0,0,0,0,0,0,0,1,1,1,1
111,0,0,0,0,0,0,21,0,0,88,0,0,0,0,0,0,0,0,88,0,0,0,0,0,100,0,92,0,0,0,0,0,0,59,0,2,0,0,0,51,4,0,110,9,0,74,0,111,0,0,0,0,120,0,0,0,65,0,0,58,0,119,0,0,0,0,0,0,107,0,52,0,0,0,0,79,0,0,29,0,3,0,0,0,0,0,0,0,0,0,0,70,109,109,0,7,79,39,0,4,0,0,61,0,41,11,0,122,0,0,47,0,83,0,0,0,0,0,0,0,0,0,0,0,0,87,88,0,0,0,0,0,0,0,0,0,0,0,0,0,0,20,0,0,0,0,0,0,0,0,0,49,0,0,0,0,0,0,0,0,0,0,8,0,0,0,0,0,0,0,0,0,0,0,0,0,0,0,0,0,0,0,0,0,0,113,0,0,0,0,0,0,0,22,9,0,4,19,0,0,0,0,0,0,10,0,0,4,30,0,0,0,0,0,0,0,0,0,0,0,13,75,0,0,0,0,90,0,0,0,111,0,0,0,55,0,0,0,88,0,0,0,0,1,1,1,0
112,0,0,0,0,0,0,21,0,0,90,115,126,0,0,109,0,0,0,90,0,108,0,0,0,102,0,94,121,0,0,0,0,108,102,0,2,0,0,0,88,4,0,123,9,0,98,0,112,0,0,110,0,0,0,0,0,113,0,0,58,0,0,0,0,0,0,0,0,108,0,91,0,114,0,0,0,123,96,29,0,3,92,92,0,0,0,0,0,53,0,0,71,121,0,0,7,0,39,0,4,0,0,106,0,41,11,0,0,0,0,47,0,0,0,0,92,0,0,0,0,0,0,92,0,0,0,90,14,0,16,0,9,0,0,0,0,0,0,0,2,0,39,0,0,0,0,17,0,0,0,0,75,21,35,0,7,0,13,0,0,3,0,0,7,3,16,0,0,0,0,0,0,0,14,0,0,0,0,0,0,0,0,7,0,0,0,28,43,0,0,9,0,18,48,0,0,46,55,0,0,0,28,0,0,52,23,0,44,64,0,0,0,0,19,0,0,0,0,0,0,42,103,0,0,0,0,0,0,0,0,0,0,0,0,95,0,0,0,0,0,0,0,0,1,0,1,1
114,0,0,0,0,0,0,21,0,0,91,0,0,0,0,0,0,0,0,91,0,0,0,0,0,103,0,95,0,0,0,0,0,0,0,0,2,0,0,0,117,4,0,0,9,0,116,0,114,0,0,0,0,69,0,0,0,0,0,0,58,0,68,0,0,0,0,0,0,110,0,119,0,0,0,0,79,0,0,29,0,3,0,0,0,0,0,0,0,92,0,0,71,0,63,0,7,79,39,0,4,0,0,0,0,41,11,0,53,0,0,47,0,83,0,0,0,0,0,0,0,0,0,0,0,0,87,91,0,0,0,0,0,0,0,0,0,0,0,0,0,0,25,0,0,0,0,0,0,0,0,0,43,0,0,0,0,0,0,0,0,0,0,8,0,0,0,0,0,0,0,0,0,0,0,0,0,0,0,0,0,0,0,0,0,0,100,0,0,0,0,0,0,0,22,9,0,4,19,0,0,0,0,0,0,10,0,0,4,30,0,0,0,0,0,0,0,0,0,0,0,13,75,0,0,0,0,90,0,0,0,111,0,0,0,125,0,0,0,88,0,0,0,0,1,1,1,0
115,0,0,0,0,0,0,21,0,0,91,115,126,0,0,109,0,0,0,91,0,108,0,0,0,103,0,95,121,0,0,0,0,108,59,0,2,0,0,0,0,4,0,41,9,0,0,0,115,0,0,110,0,120,0,0,0,65,0,0,58,0,119,0,0,0,0,0,0,111,0,0,0,114,0,0,0,123,96,29,0,3,92,92,0,0,0,0,0,122,0,0,71,40,109,0,7,0,39,0,4,0,0,61,0,41,11,0,92,0,0,47,0,0,0,0,92,0,0,0,0,0,0,92,0,0,0,91,14,0,16,0,9,0,0,0,0,0,0,0,2,0,39,0,0,0,0,17,0,0,0,0,69,21,35,0,7,0,13,0,0,3,0,0,7,3,16,0,0,0,0,0,0,0,14,0,0,0,0,0,0,0,0,7,0,0,83,28,43,0,0,9,0,0,22,9,0,4,19,0,0,0,0,0,0,10,0,0,4,30,0,0,0,0,0,0,0,0,0,0,0,13,75,0,0,0,0,0,0,0,0,0,0,0,0,0,0,0,0,0,0,0,0,0,1,1,1,1
115,0,0,0,0,0,0,21,0,0,91,0,0,0,0,0,0,0,0,91,0,0,0,0,0,103,0,95,0,0,0,0,0,0,102,0,2,0,0,0,51,4,0,71,9,0,43,0,115,0,0,0,0,0,0,0,0,113,0,0,58,0,0,0,0,0,0,0,0,111,0,52,0,0,0,0,79,0,0,29,0,3,0,0,0,0,0,0,0,0,0,0,71,70,0,0,7,79,39,0,4,0,0,106,0,41,11,0,122,0,0,47,0,83,0,0,0,0,0,0,0,0,0,0,0,0,87,91,0,0,0,0,0,0,0,0,0,0,0,0,0,0,0,0,0,0,0,0,0,0,0,0,70,0,0,0,0,0,0,0,0,0,0,21,0,0,0,0,0,0,0,0,0,0,0,0,0,0,0,0,0,0,0,0,0,0,0,0,0,0,0,0,0,18,48,0,0,46,55,0,0,0,28,0,0,52,23,0,44,64,0,0,0,0,19,0,0,0,0,0,0,42,103,0,0,0,0,90,0,0,0,111,0,0,0,55,0,0,0,88,0,0,0,0,1,1,1,0
115,0,0,0,0,0,0,21,0,0,91,115,126,0,0,109,0,0,0,91,0,108,0,0,0,103,0,95,121,0,0,0,0,108,0,0,2,0,0,0,88,4,0,93,9,0,74,0,115,0,0,110,0,69,0,0,0,0,0,0,58,0,68,0,0,0,0,0,0,111,0,91,0,114,0,0,0,123,96,29,0,3,92,92,0,0,0,0,0,53,0,0,71,92,63,0,7,0,39,0,4,0,0,0,0,41,11,0,0,0,0,47,0,0,0,0,92,0,0,0,0,0,0,92,0,0,0,91,14,0,16,0,9,0,0,0,0,0,0,0,2,0,39,0,0,0,0,17,0,0,0,0,53,21,35,0,7,0,13,0,0,3,0,0,7,3,16,0,0,0,0,0,0,0,14,0,0,0,0,0,0,0,0,7,0,0,92,28,43,0,0,9,0,0,22,9,0,4,19,0,0,0,0,0,0,10,0,0,4,30,0,0,0,0,0,0,0,0,0,0,0,13,75,0,0,0,0,0,0,0,0,0,0,0,0,95,0,0,0,0,0,0,0,0,1,0,1,1
115,0,0,0,0,0,0,21,0,0,91,0,0,0,0,0,0,0,0,91,0,0,0,0,0,103,0,95,0,0,0,0,0,0,59,0,2,0,0,0,117,4,0,110,9,0,98,0,115,0,0,0,0,120,0,0,0,65,0,0,58,0,119,0,0,0,0,0,0,111,0,119,0,0,0,0,79,0,0,29,0,3,0,0,0,0,0,0,0,92,0,0,71,109,109,0,7,79,39,0,4,0,0,61,0,41,11,0,53,0,0,47,0,83,0,0,0,0,0,0,0,0,0,0,0,0,87,91,0,0,0,0,0,0,0,0,0,0,0,0,0,0,26,0,0,0,0,0,0,0,0,0,54,0,0,0,0,0,0,0,0,0,0,8,0,0,0,0,0,0,0,0,0,0,0,0,0,0,0,0,0,0,0,0,0,0,106,0,0,0,0,0,0,0,22,9,0,4,19,0,0,0,0,0,0,10,0,0,4,30,0,0,0,0,0,0,0,0,0,0,0,13,75,0,0,0,0,90,0,0,0,111,0,0,0,125,0,0,0,88,0,0,0,0,1,1,1,0
115,0,0,0,0,0,0,21,0,0,91,115,126,0,0,109,0,0,0,91,0,108,0,0,0,103,0,95,121,0,0,0,0,108,102,0,2,0,0,0,0,4,0,123,9,0,116,0,115,0,0,110,0,0,0,0,0,113,0,0,58,0,0,0,0,0,0,0,0,111,0,0,0,114,0,0,0,123,96,29,0,3,92,92,0,0,0,0,0,122,0,0,71,121,0,0,7,0,39,0,4,0,0,106,0,41,11,0,92,0,0,47,0,0,0,0,92,0,0,0,0,0,0,92,0,0,0,91,14,0,16,0,9,0,0,0,0,0,0,0,2,0,39,0,0,0,0,17,0,0,0,0,91,21,35,0,7,0,13,0,0,3,0,0,7,3,16,0,0,0,0,0,0,0,14,0,0,0,0,0,0,0,0,7,0,0,103,28,43,0,0,9,0,0,22,9,0,4,19,0,0,0,0,0,0,10,0,0,4,30,0,0,0,0,0,0,0,0,0,0,0,13,75,0,0,0,0,0,0,0,0,0,0,0,0,0,0,0,0,0,0,0,0,0,1,1,1,1
85,0,0,0,0,0,0,15,0,0,67,85,94,0,0,81,0,0,0,67,0,81,0,0,0,76,0,70,90,0,0,0,0,81,76,0,1,0,0,0,0,3,0,91,6,0,87,0,85,0,0,82,0,0,0,0,0,84,0,0,43,0,0,0,0,0,0,0,0,82,0,0,0,85,0,0,0,91,72,21,0,1,69,69,0,0,0,0,0,91,0,0,52,90,0,0,4,0,28,0,3,0,0,79,0,30,7,0,69,0,0,34,0,0,0,0,69,0,0,0,0,0,0,69,0,0,0,67,10,0,12,0,6,0,0,0,0,0,0,0,1,0,28,0,0,0,0,12,0,0,0,0,67,15,25,0,4,0,9,0,0,1,0,0,4,1,12,0,0,0,0,0,0,0,10,0,0,0,0,0,0,0,0,4,0,0,76,21,31,0,0,6,0,0,16,6,0,3,13,0,0,0,0,0,0,7,0,0,3,22,0,0,0,0,0,0,0,0,0,0,0,9,55,0,0,0,0,0,0,0,0,0,0,0,0,0,0,0,0,0,0,0,0,0,0,0,0,0
93,0,0,0,0,0,0,21,0,0,73,0,0,0,0,0,0,0,0,73,0,0,0,0,0,84,0,77,0,0,0,0,0,0,116,0,2,0,0,0,51,4,0,108,9,0,107,0,93,0,0,0,0,69,0,0,0,0,0,0,58,0,68,0,0,0,0,0,0,90,0,52,0,0,0,0,79,0,0,29,0,2,0,0,0,0,0,0,0,120,0,0,58,107,63,0,7,79,32,0,4,0,0,119,0,41,11,0,104,0,0,43,0,83,0,0,0,0,0,0,0,0,0,0,0,0,87,73,0,0,0,0,0,0,0,0,0,0,0,0,0,0,26,0,0,0,0,0,0,0,0,0,63,0,0,0,0,0,0,0,0,0,0,8,0,0,0,0,0,0,0,0,0,0,0,0,0,0,0,0,0,0,0,0,0,0,112,0,0,0,0,0,0,0,22,9,0,4,19,0,0,0,0,0,0,10,0,0,4,30,0,0,0,0,0,0,0,0,0,0,0,13,75,0,0,0,0,90,0,0,0,111,0,0,0,55,0,0,0,88,0,0,0,0,1,1,1,0
99,0,0,0,0,0,0,21,0,0,78,115,126,0,0,109,0,0,0,78,0,108,0,0,0,90,0,82,121,0,0,0,0,108,0,0,2,0,0,0,88,4,0,122,9,0,122,0,99,0,0,110,0,120,0,0,0,65,0,0,58,0,119,0,0,0,0,0,0,96,0,91,0,114,0,0,0,123,96,29,0,3,92,92,0,0,0,0,0,0,0,0,62,119,109,0,7,0,35,0,4,0,0,0,0,41,11,0,0,0,0,44,0,0,0,0,92,0,0,0,0,0,0,92,0,0,0,78,14,0,16,0,9,0,0,0,0,0,0,0,2,0,39,0,0,0,0,17,0,0,0,0,53,21,35,0,7,0,13,0,0,3,0,0,7,3,16,0,0,0,0,0,0,0,14,0,0,0,0,0,0,0,0,7,0,0,92,28,43,0,0,9,0,0,22,9,0,4,19,0,0,0,0,0,0,10,0,0,4,30,0,0,0,0,0,0,0,0,0,0,0,13,75,0,0,0,0,0,0,0,0,0,0,0,0,95,0,0,0,0,0,0,0,0,1,0,1,1
103,0,0,0,0,0,0,21,0,0,82,0,0,0,0,0,0,0,0,82,0,0,0,0,0,94,0,86,0,0,0,0,0,0,59,0,2,0,0,0,117,4,0,0,9,0,0,0,103,0,0,0,0,0,0,0,0,113,0,0,58,0,0,0,0,0,0,0,0,101,0,119,0,0,0,0,79,0,0,29,0,3,0,0,0,0,0,0,0,53,0,0,65,0,0,0,7,79,36,0,4,0,0,61,0,41,11,0,53,0,0,46,0,83,0,0,0,0,0,0,0,0,0,0,0,0,87,82,0,0,0,0,0,0,0,0,0,0,0,0,0,0,0,0,0,0,0,0,0,0,0,0,75,0,0,0,0,0,0,0,0,0,0,17,0,0,0,0,0,0,0,0,0,0,0,0,0,0,0,0,0,0,0,0,0,0,0,0,0,0,0,0,0,18,48,0,0,46,55,0,0,0,28,0,0,52,23,0,44,64,0,0,0,0,19,0,0,0,0,0,0,42,103,0,0,0,0,90,0,0,0,111,0,0,0,125,0,0,0,88,0,0,0,0,1,1,1,0
106,0,0,0,0,0,0,21,0,0,85,115,126,0,0,109,0,0,0,85,0,108,0,0,0,97,0,89,121,0,0,0,0,108,102,0,2,0,0,0,0,4,0,41,9,0,43,0,106,0,0,110,0,69,0,0,0,0,0,0,58,0,68,0,0,0,0,0,0,104,0,0,0,114,0,0,0,123,96,29,0,3,92,92,0,0,0,0,0,92,0,0,67,40,63,0,7,0,38,0,4,0,0,106,0,41,11,0,92,0,0,47,0,0,0,0,92,0,0,0,0,0,0,92,0,0,0,85,14,0,16,0,9,0,0,0,0,0,0,0,2,0,39,0,0,0,0,17,0,0,0,0,78,21,35,0,7,0,13,0,0,3,0,0,7,3,16,0,0,0,0,0,0,0,14,0,0,0,0,0,0,0,0,7,0,0,83,28,43,0,0,9,0,0,22,9,0,4,19,0,0,0,0,0,0,10,0,0,4,30,0,0,0,0,0,0,0,0,0,0,0,13,75,0,0,0,0,0,0,0,0,0,0,0,0,0,0,0,0,0,0,0,0,0,1,1,1,1
79,0,0,0,0,0,0,15,0,0,63,85,94,0,0,81,0,0,0,63,0,81,0,0,0,72,0,66,90,0,0,0,0,81,76,0,1,0,0,0,0,3,0,30,6,0,31,0,79,0,0,82,0,51,0,0,0,0,0,0,43,0,51,0,0,0,0,0,0,78,0,0,0,85,0,0,0,91,72,21,0,1,69,69,0,0,0,0,0,69,0,0,49,30,46,0,4,0,28,0,3,0,0,79,0,30,7,0,69,0,0,34,0,0,0,0,69,0,0,0,0,0,0,69,0,0,0,63,10,0,12,0,6,0,0,0,0,0,0,0,1,0,28,0,0,0,0,12,0,0,0,0,58,15,25,0,4,0,9,0,0,1,0,0,4,1,12,0,0,0,0,0,0,0,10,0,0,0,0,0,0,0,0,4,0,0,61,21,31,0,0,6,0,0,16,6,0,3,13,0,0,0,0,0,0,7,0,0,3,22,0,0,0,0,0,0,0,0,0,0,0,9,55,0,0,0,0,0,0,0,0,0,0,0,0,0,0,0,0,0,0,0,0,0,0,0,0,0
88,0,0,0,0,0,0,21,0,0,70,0,0,0,0,0,0,0,0,70,0,0,0,0,0,81,0,74,0,0,0,0,0,0,116,0,2,0,0,0,51,4,0,63,9,0,65,0,88,0,0,0,0,106,0,0,0,65,0,0,58,0,105,0,0,0,0,0,0,87,0,52,0,0,0,0,79,0,0,29,0,2,0,0,0,0,0,0,0,104,0,0,55,62,97,0,7,79,32,0,4,0,0,119,0,41,11,0,104,0,0,43,0,83,0,0,0,0,0,0,0,0,0,0,0,0,87,70,0,0,0,0,0,0,0,0,0,0,0,0,0,0,26,0,0,0,0,0,0,0,0,0,54,0,0,0,0,0,0,0,0,0,0,8,0,0,0,0,0,0,0,0,0,0,0,0,0,0,0,0,0,0,0,0,0,0,106,0,0,0,0,0,0,0,22,9,0,4,19,0,0,0,0,0,0,10,0,0,4,30,0,0,0,0,0,0,0,0,0,0,0,13,75,0,0,0,0,90,0,0,0,111,0,0,0,55,0,0,0,88,0,0,0,0,1,1,1,0
96,0,0,0,0,0,0,21,0,0,76,115,126,0,0,109,0,0,0,76,0,108,0,0,0,87,0,80,121,0,0,0,0,108,0,0,2,0,0,0,88,4,0,87,9,0,91,0,96,0,0,110,0,0,0,0,0,113,0,0,58,0,0,0,0,0,0,0,0,93,0,91,0,114,0,0,0,123,96,29,0,3,92,92,0,0,0,0,0,0,0,0,59,86,0,0,7,0,35,0,4,0,0,0,0,41,11,0,0,0,0,44,0,0,0,0,92,0,0,0,0,0,0,92,0,0,0,76,14,0,16,0,9,0,0,0,0,0,0,0,2,0,39,0,0,0,0,17,0,0,0,0,53,21,35,0,7,0,13,0,0,3,0,0,7,3,16,0,0,0,0,0,0,0,14,0,0,0,0,0,0,0,0,7,0,0,109,28,43,0,0,9,0,0,22,9,0,4,19,0,0,0,0,0,0,10,0,0,4,30,0,0,0,0,0,0,0,0,0,0,0,13,75,0,0,0,0,0,0,0,0,0,0,0,0,95,0,0,0,0,0,0,0,0,1,0,1,1
102,0,0,0,0,0,0,21,0,0,81,0,0,0,0,0,0,0,0,81,0,0,0,0,0,91,0,85,0,0,0,0,0,0,59,0,2,0,0,0,117,4,0,105,9,0,110,0,102,0,0,0,0,69,0,0,0,0,0,0,58,0,68,0,0,0,0,0,0,98,0,119,0,0,0,0,79,0,0,29,0,3,0,0,0,0,0,0,0,53,0,0,62,104,63,0,7,79,36,0,4,0,0,61,0,41,11,0,53,0,0,46,0,83,0,0,0,0,0,0,0,0,0,0,0,0,87,81,0,0,0,0,0,0,0,0,0,0,0,0,0,0,26,0,0,0,0,0,0,0,0,0,63,0,0,0,0,0,0,0,0,0,0,8,0,0,0,0,0,0,0,0,0,0,0,0,0,0,0,0,0,0,0,0,0,0,112,0,0,0,0,0,0,0,22,9,0,4,19,0,0,0,0,0,0,10,0,0,4,30,0,0,0,0,0,0,0,0,0,0,0,13,75,0,0,0,0,90,0,0,0,111,0,0,0,125,0,0,0,88,0,0,0,0,1,1,1,0
76,0,0,0,0,0,0,15,0,0,60,0,0,0,0,0,0,0,0,60,0,0,0,0,0,67,0,63,0,0,0,0,0,0,43,0,1,0,0,0,87,3,0,78,6,0,82,0,76,0,0,0,0,51,0,0,0,0,0,0,43,0,51,0,0,0,0,0,0,73,0,88,0,0,0,0,58,0,0,21,0,1,0,0,0,0,0,0,0,39,0,0,46,78,46,0,4,58,27,0,3,0,0,45,0,30,7,0,39,0,0,34,0,61,0,0,0,0,0,0,0,0,0,0,0,0,64,60,0,0,0,0,0,0,0,0,0,0,0,0,0,0,19,0,0,0,0,0,0,0,0,0,46,0,0,0,0,0,0,0,0,0,0,6,0,0,0,0,0,0,0,0,0,0,0,0,0,0,0,0,0,0,0,0,0,0,84,0,0,0,0,0,0,0,16,6,0,3,13,0,0,0,0,0,0,7,0,0,3,22,0,0,0,0,0,0,0,0,0,0,0,9,55,0,0,0,0,67,0,0,0,82,0,0,0,93,0,0,0,66,0,0,0,0,0,0,0,0
86,0,0,0,0,47,0,31,0,0,38,48,85,0,0,37,0,92,76,44,87,31,0,0,0,49,0,8,70,0,83,82,0,35,38,74,2,0,0,78,114,5,106,68,13,89,56,0,64,0,0,47,0,86,0,0,0,0,0,0,89,0,46,0,0,0,0,0,0,124,0,106,0,79,0,0,39,70,77,44,0,0,55,68,0,0,0,0,0,17,0,0,41,87,87,0,10,109,8,0,5,0,0,71,0,63,15,0,68,0,0,68,0,0,0,0,46,0,0,0,0,66,0,85,92,0,86,68,0,40,0,52,0,24,0,42,4,14,41,0,0,0,41,45,0,0,0,0,14,40,32,24,67,0,23,30,0,65,0,48,29,0,49,0,0,0,0,34,7,37,0,0,16,35,0,28,28,43,64,0,23,0,0,0,0,8,115,20,28,35,47,0,0,0,12,4,0,1,9,0,0,0,0,0,0,4,0,0,1,16,0,0,0,0,0,0,0,0,0,0,0,6,40,0,0,0,0,49,0,0,0,61,0,0,0,69,0,0,0,49,0,0,0,0,0,0,0,0
94,0,0,0,0,0,0,21,0,0,52,0,0,0,0,0,0,0,0,57,0,0,0,0,0,63,0,31,0,0,0,0,0,0,87,0,2,0,0,0,0,4,0,92,9,0,85,0,78,0,0,0,0,0,0,0,0,65,0,0,58,0,102,0,0,0,0,0,0,122,0,0,0,0,0,0,107,0,0,29,0,2,0,0,0,0,0,0,0,65,0,0,49,104,127,0,7,0,17,0,4,0,0,113,0,57,11,0,104,0,0,64,0,83,0,0,126,0,0,0,0,0,0,0,0,0,0,75,14,0,16,0,9,0,0,0,0,0,0,0,2,0,39,0,0,0,0,17,0,0,0,0,66,21,35,0,7,0,13,0,0,3,0,0,7,3,16,0,0,0,0,0,0,0,14,0,0,0,0,0,0,0,0,7,0,0,115,28,43,0,0,9,0,0,22,9,0,4,19,0,0,0,0,0,0,10,0,0,4,30,0,0,0,0,0,0,0,0,0,0,0,13,75,0,0,0,0,109,0,0,0,126,0,0,0,106,0,0,0,114,0,0,0,0,1,1,1,0
100,0,0,0,0,0,0,21,0,0,63,115,126,0,0,109,0,0,0,66,0,108,0,0,0,73,0,47,121,0,0,0,0,108,123,0,2,0,0,0,51,4,0,110,9,0,106,0,88,0,0,110,0,69,0,0,0,113,0,0,58,0,0,0,0,0,0,0,0,120,0,52,0,114,0,0,0,123,96,29,0,3,92,92,0,0,0,0,0,101,0,0,55,118,0,0,7,79,23,0,4,0,0,0,0,53,11,0,0,0,0,61,0,0,0,0,0,0,0,0,0,0,0,92,0,0,87,79,0,0,0,0,0,0,0,0,0,0,0,0,0,0,22,0,0,0,0,0,0,0,0,0,53,0,0,0,0,0,0,0,0,0,0,8,0,0,0,0,0,0,0,0,0,0,0,0,0,0,0,0,0,0,0,0,0,0,108,0,0,0,0,0,0,0,22,9,0,4,19,0,0,0,0,0,0,10,0,0,4,30,0,0,0,0,0,0,0,0,0,0,0,13,75,0,0,0,0,0,0,0,0,0,0,0,0,0,0,0,0,0,0,0,0,0,1,1,1,1
105,0,0,0,0,0,0,21,0,0,70,0,0,0,0,0,0,0,0,73,0,0,0,0,0,81,0,59,0,0,0,0,0,0,0,0,2,0,0,0,88,4,0,123,9,0,122,0,96,0,0,0,0,120,0,0,0,0,0,0,58,0,68,0,0,0,0,0,0,119,0,91,0,0,0,0,79,0,0,29,0,3,0,0,0,0,0,0,0,0,0,0,59,0,63,0,7,0,27,0,4,0,0,61,0,50,11,0,53,0,0,58,0,83,0,0,92,0,0,0,0,0,0,0,0,0,0,82,14,0,16,0,9,0,0,0,0,0,0,0,2,0,39,0,0,0,0,17,0,0,0,0,60,21,35,0,7,0,13,0,0,3,0,0,7,3,16,0,0,0,0,0,0,0,14,0,0,0,0,0,0,0,0,7,0,0,0,28,43,0,0,9,0,18,48,0,0,46,55,0,0,0,28,0,0,52,23,0,44,64,0,0,0,0,19,0,0,0,0,0,0,42,103,0,0,0,0,90,0,0,0,111,0,0,0,55,0,0,0,88,0,0,0,0,1,1,1,0
78,0,0,0,0,0,0,15,0,0,52,0,0,0,0,0,0,0,0,54,0,0,0,0,0,60,0,43,0,0,0,0,0,0,0,0,1,0,0,0,66,3,0,91,6,0,91,0,72,0,0,0,0,90,0,0,0,0,0,0,43,0,51,0,0,0,0,0,0,88,0,67,0,0,0,0,58,0,0,21,0,1,0,0,0,0,0,0,0,0,0,0,43,0,46,0,4,0,19,0,3,0,0,45,0,37,7,0,39,0,0,43,0,61,0,0,69,0,0,0,0,0,0,0,0,0,0,61,10,0,12,0,6,0,0,0,0,0,0,0,1,0,28,0,0,0,0,12,0,0,0,0,45,15,25,0,4,0,9,0,0,1,0,0,4,1,12,0,0,0,0,0,0,0,10,0,0,0,0,0,0,0,0,4,0,0,0,21,31,0,0,6,0,13,36,0,0,34,40,0,0,0,21,0,0,39,16,0,33,48,0,0,0,0,13,0,0,0,0,0,0,31,76,0,0,0,0,67,0,0,0,82,0,0,0,40,0,0,0,66,0,0,0,0,0,0,0,0
88,0,0,0,0,0,0,21,0,0,63,115,126,0,0,109,0,0,0,64,0,108,0,0,0,72,0,56,121,0,0,0,0,108,59,0,2,0,0,0,100,4,0,108,9,0,110,0,84,0,0,110,0,0,0,0,0,65,0,0,58,0,105,0,0,0,0,0,0,95,0,101,0,114,0,0,122,123,96,29,0,2,92,92,0,0,0,0,0,53,0,0,50,40,97,0,7,79,24,0,4,0,0,94,0,41,11,0,81,0,0,44,0,116,0,0,0,0,0,0,0,0,0,92,0,0,87,69,0,0,0,115,0,0,0,0,0,0,0,0,0,0,0,0,0,0,0,0,0,0,0,0,19,0,0,0,0,0,0,0,0,0,0,8,0,0,0,0,0,0,0,0,0,0,0,0,0,0,0,0,0,0,0,0,0,0,42,0,0,0,0,0,0,0,22,9,0,4,19,0,0,0,0,0,0,10,0,0,4,30,0,0,0,0,0,0,0,0,0,0,0,13,75,0,0,0,0,122,0,0,0,0,0,0,0,85,0,0,0,127,0,0,0,0,1,1,1,0
96,0,0,0,0,0,0,21,0,0,70,0,0,0,0,0,0,0,0,72,0,0,0,0,0,81,0,67,0,0,0,0,0,0,102,0,2,0,0,0,126,4,0,122,9,0,125,0,93,0,0,0,0,69,0,0,0,113,0,0,58,0,0,0,0,0,0,0,0,99,0,127,0,0,0,0,0,0,0,29,0,3,0,0,0,0,0,0,0,92,0,0,56,70,0,0,7,0,29,0,4,0,0,0,0,41,11,0,113,0,0,46,0,0,0,0,92,0,0,0,0,0,0,0,0,0,0,75,14,0,16,0,9,0,0,0,0,0,0,0,2,0,39,0,0,0,0,17,0,0,0,0,95,21,35,0,7,0,13,0,0,3,0,0,7,3,16,0,0,0,0,0,0,0,14,0,0,0,0,0,0,0,0,7,0,0,0,28,43,0,0,9,0,18,48,0,0,46,55,0,0,0,28,0,0,52,23,0,44,64,0,0,0,0,19,0,0,0,0,0,0,42,103,0,0,0,0,0,0,0,0,111,0,0,0,118,0,0,0,0,0,0,0,0,1,0,1,1
102,0,0,0,0,0,0,21,0,0,76,115,126,0,0,109,0,0,0,78,0,108,0,0,0,87,0,74,121,0,0,0,0,108,0,0,2,0,0,0,0,4,0,0,9,0,0,0,99,0,0,110,0,120,0,0,0,0,0,0,58,0,68,0,0,0,0,0,0,102,0,0,0,114,0,0,79,123,96,29,0,3,92,92,0,0,0,0,0,122,0,0,61,92,63,0,7,79,32,0,4,0,0,61,0,41,11,0,0,0,0,47,0,83,0,0,0,0,0,0,0,0,0,92,0,0,87,79,0,0,0,114,0,0,0,0,0,0,0,0,0,0,5,0,0,0,0,0,0,0,0,0,34,0,0,0,0,0,0,0,0,0,0,8,0,0,0,0,0,0,0,0,0,0,0,0,0,0,0,0,0,0,0,0,0,0,56,0,0,0,0,0,0,0,22,9,0,4,19,0,0,0,0,0,0,10,0,0,4,30,0,0,0,0,0,0,0,0,0,0,0,13,75,0,0,0,0,90,0,0,0,0,0,0,0,0,0,0,0,88,0,0,0,0,1,1,1,0
76,0,0,0,0,0,0,15,0,0,57,85,94,0,0,81,0,0,0,58,0,81,0,0,0,64,0,55,90,0,0,0,0,81,0,0,1,0,0,0,0,3,0,0,6,0,0,0,73,0,0,82,0,90,0,0,0,0,0,0,43,0,51,0,0,0,0,0,0,76,0,0,0,85,0,0,58,91,72,21,0,1,69,69,0,0,0,0,0,91,0,0,45,69,46,0,4,58,24,0,3,0,0,45,0,30,7,0,0,0,0,34,0,61,0,0,0,0,0,0,0,0,0,69,0,0,64,58,0,0,0,85,0,0,0,0,0,0,0,0,0,0,3,0,0,0,0,0,0,0,0,0,25,0,0,0,0,0,0,0,0,0,0,6,0,0,0,0,0,0,0,0,0,0,0,0,0,0,0,0,0,0,0,0,0,0,42,0,0,0,0,0,0,0,16,6,0,3,13,0,0,0,0,0,0,7,0,0,3,22,0,0,0,0,0,0,0,0,0,0,0,9,55,0,0,0,0,67,0,0,0,0,0,0,0,0,0,0,0,66,0,0,0,0,0,0,0,0
87,0,0,0,0,0,0,21,0,0,66,0,0,0,0,0,0,0,0,67,0,0,0,0,0,75,0,65,0,0,0,0,0,0,59,0,2,0,0,0,51,4,0,41,9,0,43,0,84,0,0,0,0,0,0,0,0,65,0,0,58,0,105,0,0,0,0,0,0,86,0,52,0,0,0,0,122,0,0,29,0,2,0,0,0,0,0,0,0,120,0,0,52,91,97,0,7,122,29,0,4,0,0,94,0,41,11,0,53,0,0,43,0,116,0,0,92,0,0,0,0,0,0,0,0,0,0,67,14,0,16,0,9,0,0,0,0,0,0,0,2,0,39,0,0,0,0,17,0,0,0,0,54,21,35,0,7,0,13,0,0,3,0,0,7,3,16,0,0,0,0,0,0,0,14,0,0,0,0,0,0,0,0,7,0,0,115,28,43,0,0,9,0,0,22,9,0,4,19,0,0,0,0,0,0,10,0,0,4,30,0,0,0,0,0,0,0,0,0,0,0,13,75,0,0,0,0,122,0,0,0,111,0,0,0,55,0,0,0,127,0,0,0,0,1,1,1,0
94,0,0,0,0,0,0,21,0,0,73,115,126,0,0,109,0,0,0,73,0,108,0,0,0,82,0,73,121,0,0,0,0,108,102,0,2,0,0,0,88,4,0,71,9,0,74,0,93,0,0,110,0,69,0,0,0,113,0,0,58,0,0,0,0,0,0,0,0,93,0,91,0,114,0,0,0,123,96,29,0,3,92,92,0,0,0,0,0,0,0,0,58,107,0,0,7,0,32,0,4,0,0,0,0,41,11,0,92,0,0,44,0,0,0,0,0,0,0,0,0,0,0,92,0,0,87,73,0,0,0,0,0,0,0,0,0,0,0,0,0,0,14,0,0,0,0,0,0,0,0,0,54,0,0,0,0,0,0,0,0,0,0,8,0,0,0,0,0,0,0,0,0,0,0,0,0,0,0,0,0,0,0,0,0,0,106,0,0,0,0,0,0,0,22,9,0,4,19,0,0,0,0,0,0,10,0,0,4,30,0,0,0,0,0,0,0,0,0,0,0,13,75,0,0,0,0,0,0,0,0,0,0,0,0,95,0,0,0,0,0,0,0,0,1,0,1,1
100,0,0,0,0,0,0,21,0,0,78,0,0,0,0,0,0,0,0,78,0,0,0,0,0,88,0,79,0,0,0,0,0,0,0,0,2,0,0,0,117,4,0,93,9,0,98,0,99,0,0,0,0,120,0,0,0,0,0,0,58,0,68,0,0,0,0,0,0,98,0,119,0,0,0,0,79,0,0,29,0,3,0,0,0,0,0,0,0,53,0,0,62,119,63,0,7,79,35,0,4,0,0,61,0,41,11,0,122,0,0,46,0,83,0,0,92,0,0,0,0,0,0,0,0,0,0,78,14,0,16,0,9,0,0,0,0,0,0,0,2,0,39,0,0,0,0,17,0,0,0,0,64,21,35,0,7,0,13,0,0,3,0,0,7,3,16,0,0,0,0,0,0,0,14,0,0,0,0,0,0,0,0,7,0,0,111,28,43,0,0,9,0,0,22,9,0,4,19,0,0,0,0,0,0,10,0,0,4,30,0,0,0,0,0,0,0,0,0,0,0,13,75,0,0,0,0,90,0,0,0,111,0,0,0,125,0,0,0,88,0,0,0,0,1,1,1,0
75,0,0,0,0,0,0,15,0,0,58,0,0,0,0,0,0,0,0,58,0,0,0,0,0,66,0,58,0,0,0,0,0,0,0,0,1,0,0,0,87,3,0,69,6,0,73,0,73,0,0,0,0,90,0,0,0,0,0,0,43,0,51,0,0,0,0,0,0,73,0,88,0,0,0,0,58,0,0,21,0,1,0,0,0,0,0,0,0,39,0,0,46,88,46,0,4,58,25,0,3,0,0,45,0,30,7,0,91,0,0,34,0,61,0,0,69,0,0,0,0,0,0,0,0,0,0,58,10,0,12,0,6,0,0,0,0,0,0,0,1,0,28,0,0,0,0,12,0,0,0,0,48,15,25,0,4,0,9,0,0,1,0,0,4,1,12,0,0,0,0,0,0,0,10,0,0,0,0,0,0,0,0,4,0,0,82,21,31,0,0,6,0,0,16,6,0,3,13,0,0,0,0,0,0,7,0,0,3,22,0,0,0,0,0,0,0,0,0,0,0,9,55,0,0,0,0,67,0,0,0,82,0,0,0,93,0,0,0,66,0,0,0,0,0,0,0,0
85,0,0,0,0,0,0,21,0,0,67,115,126,0,0,109,0,0,0,67,0,108,0,0,0,76,0,68,121,0,0,0,0,108,59,0,2,0,0,0,115,4,0,92,9,0,97,0,84,0,0,110,0,0,0,0,0,65,0,0,58,0,105,0,0,0,0,0,0,83,0,118,0,114,0,0,122,123,96,29,0,2,92,92,0,0,0,0,0,81,0,0,53,106,97,0,7,122,29,0,4,0,0,94,0,41,11,0,120,0,0,43,0,116,0,0,0,0,0,0,0,0,0,92,0,0,87,67,0,0,0,115,0,0,0,0,0,0,0,0,0,0,0,0,0,0,0,0,0,0,0,0,19,0,0,0,0,0,0,0,0,0,0,8,0,0,0,0,0,0,0,0,0,0,0,0,0,0,0,0,0,0,0,0,0,0,45,0,0,0,0,0,0,0,22,9,0,4,19,0,0,0,0,0,0,10,0,0,4,30,0,0,0,0,0,0,0,0,0,0,0,13,75,0,0,0,0,122,0,0,0,0,0,0,0,124,0,0,0,127,0,0,0,0,1,1,1,0
93,0,0,0,0,0,0,21,0,0,73,0,0,0,0,0,0,0,0,73,0,0,0,0,0,84,0,76,0,0,0,0,0,0,102,0,2,0,0,0,0,4,0,110,9,0,115,0,93,0,0,0,0,69,0,0,0,113,0,0,58,0,0,0,0,0,0,0,0,90,0,0,0,0,0,0,0,0,0,29,0,3,0,0,0,0,0,0,0,113,0,0,58,119,0,0,7,0,32,0,4,0,0,0,0,41,11,0,0,0,0,44,0,0,0,0,92,0,0,0,0,0,0,0,0,0,0,73,14,0,16,0,9,0,0,0,0,0,0,0,2,0,39,0,0,0,0,17,0,0,0,0,101,21,35,0,7,0,13,0,0,3,0,0,7,3,16,0,0,0,0,0,0,0,14,0,0,0,0,0,0,0,0,7,0,0,0,28,43,0,0,9,0,18,48,0,0,46,55,0,0,0,28,0,0,52,23,0,44,64,0,0,0,0,19,0,0,0,0,0,0,42,103,0,0,0,0,0,0,0,0,111,0,0,0,0,0,0,0,0,0,0,0,0,1,0,1,1
99,0,0,0,0,0,0,21,0,0,78,115,126,0,0,109,0,0,0,78,0,108,0,0,0,90,0,82,121,0,0,0,0,108,0,0,2,0,0,0,51,4,0,123,9,0,0,0,99,0,0,110,0,120,0,0,0,0,0,0,58,0,68,0,0,0,0,0,0,96,0,52,0,114,0,0,79,123,96,29,0,3,92,92,0,0,0,0,0,0,0,0,62,0,63,0,7,79,35,0,4,0,0,61,0,41,11,0,53,0,0,46,0,83,0,0,0,0,0,0,0,0,0,92,0,0,87,78,0,0,0,0,0,0,0,0,0,0,0,0,0,0,0,0,0,0,0,0,0,0,0,0,23,0,0,0,0,0,0,0,0,0,0,8,0,0,0,0,0,0,0,0,0,0,0,0,0,0,0,0,0,0,0,0,0,0,64,0,0,0,0,0,0,0,22,9,0,4,19,0,0,0,0,0,0,10,0,0,4,30,0,0,0,0,0,0,0,0,0,0,0,13,75,0,0,0,0,90,0,0,0,0,0,0,0,55,0,0,0,88,0,0,0,0,1,1,1,0
73,0,0,0,0,0,0,15,0,0,58,85,94,0,0,81,0,0,0,58,0,81,0,0,0,67,0,61,90,0,0,0,0,81,0,0,1,0,0,0,37,3,0,91,6,0,0,0,73,0,0,82,0,90,0,0,0,0,0,0,43,0,51,0,0,0,0,0,0,72,0,39,0,85,0,0,58,91,72,21,0,1,69,69,0,0,0,0,0,0,0,0,46,0,46,0,4,58,25,0,3,0,0,45,0,30,7,0,39,0,0,34,0,61,0,0,0,0,0,0,0,0,0,69,0,0,64,58,0,0,0,0,0,0,0,0,0,0,0,0,0,0,0,0,0,0,0,0,0,0,0,0,16,0,0,0,0,0,0,0,0,0,0,6,0,0,0,0,0,0,0,0,0,0,0,0,0,0,0,0,0,0,0,0,0,0,48,0,0,0,0,0,0,0,16,6,0,3,13,0,0,0,0,0,0,7,0,0,3,22,0,0,0,0,0,0,0,0,0,0,0,9,55,0,0,0,0,67,0,0,0,0,0,0,0,40,0,0,0,66,0,0,0,0,0,0,0,0
84,0,0,0,0,0,0,21,0,0,67,0,0,0,0,0,0,0,0,67,0,0,0,0,0,76,0,70,0,0,0,0,0,0,59,0,2,0,0,0,78,4,0,108,9,0,43,0,84,0,0,0,0,0,0,0,0,65,0,0,58,0,105,0,0,0,0,0,0,83,0,80,0,0,0,0,122,0,0,29,0,2,0,0,0,0,0,0,0,53,0,0,53,40,97,0,7,122,29,0,4,0,0,94,0,41,11,0,81,0,0,43,0,116,0,0,92,0,0,0,0,0,0,0,0,0,0,67,14,0,16,0,9,0,0,0,0,0,0,0,2,0,39,0,0,0,0,17,0,0,0,0,54,21,35,0,7,0,13,0,0,3,0,0,7,3,16,0,0,0,0,0,0,0,14,0,0,0,0,0,0,0,0,7,0,0,115,28,43,0,0,9,0,0,22,9,0,4,19,0,0,0,0,0,0,10,0,0,4,30,0,0,0,0,0,0,0,0,0,0,0,13,75,0,0,0,0,122,0,0,0,111,0,0,0,85,0,0,0,127,0,0,0,0,1,1,1,0
93,0,0,0,0,0,0,21,0,0,73,115,126,0,0,109,0,0,0,73,0,108,0,0,0,84,0,77,121,0,0,0,0,108,102,0,2,0,0,0,109,4,0,122,9,0,74,0,93,0,0,110,0,69,0,0,0,113,0,0,58,0,0,0,0,0,0,0,0,90,0,112,0,114,0,0,0,123,96,29,0,3,92,92,0,0,0,0,0,92,0,0,58,70,0,0,7,0,32,0,4,0,0,0,0,41,11,0,113,0,0,44,0,0,0,0,0,0,0,0,0,0,0,92,0,0,87,73,0,0,0,0,0,0,0,0,0,0,0,0,0,0,14,0,0,0,0,0,0,0,0,0,59,0,0,0,0,0,0,0,0,0,0,8,0,0,0,0,0,0,0,0,0,0,0,0,0,0,0,0,0,0,0,0,0,0,99,0,0,0,0,0,0,0,22,9,0,4,19,0,0,0,0,0,0,10,0,0,4,30,0,0,0,0,0,0,0,0,0,0,0,13,75,0,0,0,0,0,0,0,0,0,0,0,0,118,0,0,0,0,0,0,0,0,1,0,1,1
99,0,0,0,0,0,0,21,0,0,78,0,0,0,0,0,0,0,0,78,0,0,0,0,0,90,0,82,0,0,0,0,0,0,0,0,2,0,0,0,0,4,0,0,9,0,98,0,99,0,0,0,0,120,0,0,0,0,0,0,58,0,68,0,0,0,0,0,0,96,0,0,0,0,0,0,79,0,0,29,0,3,0,0,0,0,0,0,0,122,0,0,62,92,63,0,7,79,35,0,4,0,0,61,0,41,11,0,0,0,0,46,0,83,0,0,92,0,0,0,0,0,0,0,0,0,0,78,14,0,16,0,9,0,0,0,0,0,0,0,2,0,45,0,0,0,0,17,0,0,0,0,70,21,35,0,7,0,13,0,0,3,0,0,7,3,16,0,0,0,0,0,0,0,14,0,0,0,0,0,0,0,0,7,0,0,120,28,43,0,0,9,0,0,22,9,0,4,19,0,0,0,0,0,0,10,0,0,4,30,0,0,0,0,0,0,0,0,0,0,0,13,75,0,0,0,0,90,0,0,0,111,0,0,0,0,0,0,0,88,0,0,0,0,1,1,1,0
73,0,0,0,0,0,0,15,0,0,58,0,0,0,0,0,0,0,0,58,0,0,0,0,0,67,0,61,0,0,0,0,0,0,0,0,1,0,0,0,0,3,0,0,6,0,73,0,73,0,0,0,0,90,0,0,0,0,0,0,43,0,51,0,0,0,0,0,0,72,0,0,0,0,0,0,58,0,0,21,0,1,0,0,0,0,0,0,0,91,0,0,46,69,46,0,4,58,25,0,3,0,0,45,0,30,7,0,0,0,0,34,0,61,0,0,69,0,0,0,0,0,0,0,0,0,0,58,10,0,12,0,6,0,0,0,0,0,0,0,1,0,33,0,0,0,0,12,0,0,0,0,52,15,25,0,4,0,9,0,0,1,0,0,4,1,12,0,0,0,0,0,0,0,10,0,0,0,0,0,0,0,0,4,0,0,90,21,31,0,0,6,0,0,16,6,0,3,13,0,0,0,0,0,0,7,0,0,3,22,0,0,0,0,0,0,0,0,0,0,0,9,55,0,0,0,0,67,0,0,0,82,0,0,0,0,0,0,0,66,0,0,0,0,0,0,0,0
84,0,0,0,0,0,0,21,0,0,67,115,126,0,0,109,0,0,0,67,0,108,0,0,0,76,0,70,121,0,0,0,0,108,59,0,2,0,0,0,51,4,0,41,9,0,97,0,84,0,0,110,0,0,0,0,0,65,0,0,58,0,105,0,0,0,0,0,0,83,0,52,0,114,0,0,122,123,96,29,0,2,92,92,0,0,0,0,0,120,0,0,53,91,97,0,7,122,29,0,4,0,0,94,0,41,11,0,53,0,0,43,0,116,0,0,0,0,0,0,0,0,0,92,0,0,87,67,0,0,0,115,0,0,0,0,0,0,0,0,0,0,0,0,0,0,0,0,0,0,0,0,19,0,0,0,0,0,0,0,0,0,0,8,0,0,0,0,0,0,0,0,0,0,0,0,0,0,0,0,0,0,0,0,0,0,51,0,0,0,0,0,0,0,22,9,0,4,19,0,0,0,0,0,0,10,0,0,4,30,0,0,0,0,0,0,0,0,0,0,0,13,75,0,0,0,0,122,0,0,0,0,0,0,0,55,0,0,0,127,0,0,0,0,1,1,1,0
93,0,0,0,0,0,0,21,0,0,73,0,0,0,0,0,0,0,0,73,0,0,0,0,0,84,0,77,0,0,0,0,0,0,102,0,2,0,0,0,88,4,0,71,9,0,115,0,93,0,0,0,0,69,0,0,0,113,0,0,58,0,0,0,0,0,0,0,0,90,0,91,0,0,0,0,0,0,0,29,0,3,0,0,0,0,0,0,0,0,0,0,58,107,0,0,7,0,32,0,4,0,0,0,0,41,11,0,92,0,0,44,0,0,0,0,92,0,0,0,0,0,0,0,0,0,0,73,14,0,16,0,9,0,0,0,0,0,0,0,2,0,39,0,0,0,0,17,0,0,0,0,90,21,35,0,7,0,13,0,0,3,0,0,7,3,16,0,0,0,0,0,0,0,14,0,0,0,0,0,0,0,0,7,0,0,0,28,43,0,0,9,0,18,48,0,0,46,55,0,0,0,28,0,0,52,23,0,44,64,0,0,0,0,19,0,0,0,0,0,0,42,103,0,0,0,0,0,0,0,0,111,0,0,0,95,0,0,0,0,0,0,0,0,1,0,1,1
99,0,0,0,0,0,0,21,0,0,78,115,126,0,0,109,0,0,0,78,0,108,0,0,0,90,0,82,121,0,0,0,0,108,0,0,2,0,0,0,117,4,0,93,9,0,0,0,99,0,0,110,0,120,0,0,0,0,0,0,58,0,68,0,0,0,0,0,0,96,0,119,0,114,0,0,79,123,96,29,0,3,92,92,0,0,0,0,0,53,0,0,62,119,63,0,7,79,35,0,4,0,0,61,0,41,11,0,122,0,0,46,0,83,0,0,0,0,0,0,0,0,0,92,0,0,87,78,0,0,0,0,0,0,0,0,0,0,0,0,0,0,0,0,0,0,0,0,0,0,0,0,28,0,0,0,0,0,0,0,0,0,0,8,0,0,0,0,0,0,0,0,0,0,0,0,0,0,0,0,0,0,0,0,0,0,47,0,0,0,0,0,0,0,22,9,0,4,19,0,0,0,0,0,0,10,0,0,4,30,0,0,0,0,0,0,0,0,0,0,0,13,75,0,0,0,0,90,0,0,0,0,0,0,0,125,0,0,0,88,0,0,0,0,1,1,1,0
73,0,0,0,0,0,0,15,0,0,58,85,94,0,0,81,0,0,0,58,0,81,0,0,0,67,0,61,90,0,0,0,0,81,0,0,1,0,0,0,87,3,0,69,6,0,0,0,73,0,0,82,0,90,0,0,0,0,0,0,43,0,51,0,0,0,0,0,0,72,0,88,0,85,0,0,58,91,72,21,0,1,69,69,0,0,0,0,0,39,0,0,46,88,46,0,4,58,25,0,3,0,0,45,0,30,7,0,91,0,0,34,0,61,0,0,0,0,0,0,0,0,0,69,0,0,64,58,0,0,0,0,0,0,0,0,0,0,0,0,0,0,0,0,0,0,0,0,0,0,0,0,21,0,0,0,0,0,0,0,0,0,0,6,0,0,0,0,0,0,0,0,0,0,0,0,0,0,0,0,0,0,0,0,0,0,34,0,0,0,0,0,0,0,16,6,0,3,13,0,0,0,0,0,0,7,0,0,3,22,0,0,0,0,0,0,0,0,0,0,0,9,55,0,0,0,0,67,0,0,0,0,0,0,0,93,0,0,0,66,0,0,0,0,0,0,0,0
83,0,0,0,0,47,0,31,0,0,36,111,0,0,0,97,0,92,76,42,87,91,0,0,0,49,0,7,0,0,83,82,0,95,7,74,2,0,0,78,114,5,106,61,13,89,0,0,61,0,0,108,0,116,0,0,0,0,0,0,89,0,46,0,0,0,0,0,0,124,0,106,0,0,0,0,39,0,0,44,0,0,106,119,0,0,0,0,0,17,0,0,41,95,87,0,10,109,7,0,5,0,0,71,0,63,15,0,107,0,0,68,0,0,0,0,46,0,0,0,0,66,0,0,92,0,86,66,0,0,0,0,0,0,0,0,0,0,0,0,0,0,33,0,0,0,0,0,0,0,0,0,18,0,9,0,0,0,0,0,0,0,0,10,0,4,0,0,0,0,0,0,0,0,0,0,0,0,0,0,0,0,0,0,0,0,75,7,17,0,0,0,0,0,22,9,0,4,19,0,0,0,0,0,0,10,0,0,4,30,0,0,0,0,0,0,0,0,0,0,0,13,75,0,0,0,0,122,0,0,0,111,0,0,0,124,0,0,0,127,0,0,0,0,1,1,1,0
91,0,0,0,0,0,0,21,0,0,51,0,126,0,0,0,0,0,0,55,0,0,0,0,0,63,0,29,121,0,0,0,0,0,63,0,2,0,0,0,0,4,0,86,9,0,43,0,75,0,0,0,0,0,0,0,0,65,0,0,58,0,102,0,0,0,0,0,0,122,0,0,0,114,0,0,107,123,96,29,0,2,0,0,0,0,0,0,0,65,0,0,49,110,127,0,7,0,15,0,4,0,0,113,0,57,11,0,0,0,0,64,0,83,0,0,126,0,0,0,0,0,0,92,0,0,0,73,14,0,16,0,9,0,0,0,0,0,0,0,2,0,80,0,0,0,0,17,0,0,0,0,89,21,35,0,7,0,13,0,0,3,0,0,7,3,16,0,0,0,0,0,0,0,14,0,0,0,0,0,0,0,0,7,0,0,101,28,43,0,0,9,0,0,22,9,0,4,19,0,0,0,0,0,0,10,0,0,4,30,0,0,0,0,0,0,0,0,0,0,0,13,75,0,0,0,0,0,0,0,0,0,0,0,0,0,0,0,0,0,0,0,0,0,1,1,1,1
97,0,0,0,0,0,0,21,0,0,61,115,0,0,0,109,0,0,0,64,0,108,0,0,0,73,0,46,0,0,0,0,0,108,105,0,2,0,0,0,51,4,0,105,9,0,74,0,85,0,0,110,0,69,0,0,0,113,0,0,58,0,0,0,0,0,0,0,0,120,0,52,0,0,0,0,0,0,0,29,0,3,92,92,0,0,0,0,0,101,0,0,55,122,0,0,7,79,21,0,4,0,0,0,0,53,11,0,53,0,0,61,0,0,0,0,0,0,0,0,0,0,0,0,0,0,87,78,0,0,0,0,0,0,0,0,0,0,0,0,0,0,19,0,0,0,0,0,0,0,0,0,37,0,0,0,0,0,0,0,0,0,0,23,0,0,0,0,0,0,0,0,0,0,0,0,0,0,0,0,0,0,0,0,0,0,95,0,0,0,0,0,0,0,22,9,0,4,19,0,0,0,0,0,0,10,0,0,4,30,0,0,0,0,0,0,0,0,0,0,0,13,75,0,0,0,0,90,0,0,0,111,0,0,0,55,0,0,0,88,0,0,0,0,1,1,1,0
102,0,0,0,0,0,0,21,0,0,69,0,126,0,0,0,0,0,0,72,0,0,0,0,0,81,0,59,121,0,0,0,0,0,0,0,2,0,0,0,88,4,0,119,9,0,98,0,93,0,0,0,0,120,0,0,0,0,0,0,58,0,68,0,0,0,0,0,0,119,0,91,0,114,0,0,79,123,96,29,0,3,0,0,0,0,0,0,0,0,0,0,59,0,63,0,7,0,26,0,4,0,0,61,0,50,11,0,92,0,0,58,0,83,0,0,92,0,0,0,0,0,0,92,0,0,0,82,14,0,16,0,9,0,0,0,0,0,0,0,2,0,40,0,0,0,0,17,0,0,0,0,88,21,35,0,7,0,13,0,0,3,0,0,7,3,16,0,0,0,0,0,0,0,14,0,0,0,0,0,0,0,0,7,0,0,105,28,43,0,0,9,0,0,22,9,0,4,19,0,0,0,0,0,0,10,0,0,4,30,0,0,0,0,0,0,0,0,0,0,0,13,75,0,0,0,0,0,0,0,0,0,0,0,0,95,0,0,0,0,0,0,0,0,1,0,1,1
76,0,0,0,0,0,0,15,0,0,51,0,94,0,0,0,0,0,0,54,0,0,0,0,0,60,0,43,90,0,0,0,0,0,0,0,1,0,0,0,66,3,0,88,6,0,73,0,69,0,0,0,0,90,0,0,0,0,0,0,43,0,51,0,0,0,0,0,0,88,0,67,0,85,0,0,58,91,72,21,0,1,0,0,0,0,0,0,0,0,0,0,43,0,46,0,4,0,19,0,3,0,0,45,0,37,7,0,69,0,0,43,0,61,0,0,69,0,0,0,0,0,0,69,0,0,0,61,10,0,12,0,6,0,0,0,0,0,0,0,1,0,30,0,0,0,0,12,0,0,0,0,66,15,25,0,4,0,9,0,0,1,0,0,4,1,12,0,0,0,0,0,0,0,10,0,0,0,0,0,0,0,0,4,0,0,78,21,31,0,0,6,0,0,16,6,0,3,13,0,0,0,0,0,0,7,0,0,3,22,0,0,0,0,0,0,0,0,0,0,0,9,55,0,0,0,0,0,0,0,0,0,0,0,0,70,0,0,0,0,0,0,0,0,0,0,0,0
87,0,0,0,0,0,0,21,0,0,61,115,0,0,0,109,0,0,0,64,0,108,0,0,0,72,0,56,0,0,0,0,0,108,59,0,2,0,0,0,100,4,0,107,9,0,97,0,81,0,0,110,0,0,0,0,0,65,0,0,58,0,105,0,0,0,0,0,0,95,0,101,0,0,0,0,122,0,0,29,0,2,92,92,0,0,0,0,0,53,0,0,50,40,97,0,7,79,24,0,4,0,0,94,0,41,11,0,104,0,0,44,0,116,0,0,0,0,0,0,0,0,0,0,0,0,87,69,0,0,0,0,0,0,0,0,0,0,0,0,0,0,0,0,0,0,0,0,0,0,0,0,4,0,0,0,0,0,0,0,0,0,0,26,0,0,0,0,0,0,0,0,0,0,0,0,0,0,0,0,0,0,0,0,0,0,65,0,0,0,0,0,0,0,22,9,0,4,19,0,0,0,0,0,0,10,0,0,4,30,0,0,0,0,0,0,0,0,0,0,0,13,75,0,0,0,0,90,0,0,0,111,0,0,0,107,0,0,0,88,0,0,0,0,1,1,1,0
94,0,0,0,0,0,0,21,0,0,69,0,126,0,0,0,0,0,0,72,0,0,0,0,0,81,0,67,121,0,0,0,0,0,102,0,2,0,0,0,126,4,0,120,9,0,115,0,90,0,0,0,0,69,0,0,0,113,0,0,58,0,0,0,0,0,0,0,0,99,0,127,0,114,0,0,0,123,96,29,0,3,0,0,0,0,0,0,0,92,0,0,56,70,0,0,7,0,29,0,4,0,0,0,0,41,11,0,0,0,0,46,0,0,0,0,92,0,0,0,0,0,0,92,0,0,0,75,14,0,16,0,9,0,0,0,0,0,0,0,2,0,62,0,0,0,0,17,0,0,0,0,118,21,35,0,7,0,13,0,0,3,0,0,7,3,16,0,0,0,0,0,0,0,14,0,0,0,0,0,0,0,0,7,0,0,0,28,43,0,0,9,0,18,48,0,0,46,55,0,0,0,28,0,0,52,23,0,44,64,0,0,0,0,19,0,0,0,0,0,0,42,103,0,0,0,0,0,0,0,0,0,0,0,0,0,0,0,0,0,0,0,0,0,1,1,1,1
100,0,0,0,0,0,0,21,0,0,75,115,0,0,0,109,0,0,0,78,0,108,0,0,0,87,0,74,0,0,0,0,0,108,0,0,2,0,0,0,0,4,0,0,9,0,0,0,97,0,0,110,0,120,0,0,0,0,0,0,58,0,68,0,0,0,0,0,0,102,0,0,0,0,0,0,79,0,0,29,0,3,92,92,0,0,0,0,0,122,0,0,61,92,63,0,7,79,32,0,4,0,0,61,0,41,11,0,53,0,0,47,0,83,0,0,0,0,0,0,0,0,0,0,0,0,87,79,0,0,0,0,0,0,0,0,0,0,0,0,0,0,0,0,0,0,0,0,0,0,0,0,11,0,0,0,0,0,0,0,0,0,0,22,0,0,0,0,0,0,0,0,0,0,0,0,0,0,0,0,0,0,0,0,0,0,70,0,0,0,0,0,0,0,22,9,0,4,19,0,0,0,0,0,0,10,0,0,4,30,0,0,0,0,0,0,0,0,0,0,0,13,75,0,0,0,0,90,0,0,0,111,0,0,0,55,0,0,0,88,0,0,0,0,1,1,1,0
75,0,0,0,0,0,0,15,0,0,55,85,0,0,0,81,0,0,0,58,0,81,0,0,0,64,0,55,0,0,0,0,0,81,0,0,1,0,0,0,0,3,0,0,6,0,0,0,72,0,0,82,0,90,0,0,0,0,0,0,43,0,51,0,0,0,0,0,0,76,0,0,0,0,0,0,58,0,0,21,0,1,69,69,0,0,0,0,0,91,0,0,45,69,46,0,4,58,24,0,3,0,0,45,0,30,7,0,39,0,0,34,0,61,0,0,0,0,0,0,0,0,0,0,0,0,64,58,0,0,0,0,0,0,0,0,0,0,0,0,0,0,0,0,0,0,0,0,0,0,0,0,7,0,0,0,0,0,0,0,0,0,0,16,0,0,0,0,0,0,0,0,0,0,0,0,0,0,0,0,0,0,0,0,0,0,52,0,0,0,0,0,0,0,16,6,0,3,13,0,0,0,0,0,0,7,0,0,3,22,0,0,0,0,0,0,0,0,0,0,0,9,55,0,0,0,0,67,0,0,0,82,0,0,0,40,0,0,0,66,0,0,0,0,0,0,0,0
84,0,0,0,0,47,0,31,0,0,33,111,85,0,0,97,0,92,76,42,87,91,0,0,0,48,0,2,70,0,83,82,0,95,7,74,2,0,0,78,50,5,106,10,13,89,0,0,61,0,0,108,0,116,0,0,0,0,0,0,89,0,46,0,0,0,0,0,0,127,0,40,0,79,0,0,39,70,77,44,0,0,106,119,0,0,0,0,0,56,0,0,40,80,87,0,10,109,7,0,5,0,0,71,0,63,15,0,68,0,0,68,0,0,0,0,46,0,0,0,0,66,0,85,92,0,86,66,0,40,0,52,0,24,0,42,4,14,41,0,0,0,28,45,0,0,0,0,14,40,32,24,37,0,23,30,0,65,0,48,29,0,49,0,0,0,0,34,7,37,0,0,16,35,0,28,28,43,64,0,23,0,0,0,0,8,91,20,28,35,47,0,0,0,12,4,0,1,9,0,0,0,0,0,0,4,0,0,1,16,0,0,0,0,0,0,0,0,0,0,0,6,40,0,0,0,0,49,0,0,0,61,0,0,0,30,0,0,0,49,0,0,0,0,0,0,0,0
